name,inst,filter,mjd,bjd,mag,magerr,flux,fluxerr
461193695624775424,TESS,QLP,0.0,58791.535845248494,0.0,0.0,1.0101577043533325,0.009092726744711399
461193695624775424,TESS,QLP,0.0,58791.5566791147,0.0,0.0,1.007359504699707,0.009092726744711399
461193695624775424,TESS,QLP,0.0,58791.57751298044,0.0,0.0,1.004238247871399,0.009092726744711399
461193695624775424,TESS,QLP,0.0,58791.59834684525,0.0,0.0,0.9999525547027588,0.009092726744711399
461193695624775424,TESS,QLP,0.0,58791.61918070866,0.0,0.0,0.9948310256004333,0.009092726744711399
461193695624775424,TESS,QLP,0.0,58791.64001457114,0.0,0.0,0.9910563230514526,0.009092726744711399
461193695624775424,TESS,QLP,0.0,58791.66084843315,0.0,0.0,0.9898105263710022,0.009092726744711399
461193695624775424,TESS,QLP,0.0,58791.68168229377,0.0,0.0,0.989811360836029,0.009092726744711399
461193695624775424,TESS,QLP,0.0,58791.70251615299,0.0,0.0,0.9898644089698792,0.009092726744711399
461193695624775424,TESS,QLP,0.0,58791.72335001174,0.0,0.0,0.9911206960678101,0.009092726744711399
461193695624775424,TESS,QLP,0.0,58791.74418386957,0.0,0.0,0.9932777285575867,0.009092726744711399
461193695624775424,TESS,QLP,0.0,58791.76501772599,0.0,0.0,0.9967299103736877,0.009092726744711399
461193695624775424,TESS,QLP,0.0,58791.78585158195,0.0,0.0,1.0009270906448364,0.009092726744711399
461193695624775424,TESS,QLP,0.0,58791.80668543652,0.0,0.0,1.0036139488220215,0.009092726744711399
461193695624775424,TESS,QLP,0.0,58791.827519290615,0.0,0.0,1.0046203136444092,0.009092726744711399
461193695624775424,TESS,QLP,0.0,58791.848353143316,0.0,0.0,1.0068367719650269,0.009092726744711399
461193695624775424,TESS,QLP,0.0,58791.869186995085,0.0,0.0,1.0100955963134766,0.009092726744711399
461193695624775424,TESS,QLP,0.0,58791.89002084592,0.0,0.0,1.0113474130630493,0.009092726744711399
461193695624775424,TESS,QLP,0.0,58791.91085469583,0.0,0.0,1.0116077661514282,0.009092726744711399
461193695624775424,TESS,QLP,0.0,58791.93168854527,0.0,0.0,1.011507272720337,0.009092726744711399
461193695624775424,TESS,QLP,0.0,58791.952522393316,0.0,0.0,1.00737464427948,0.009092726744711399
461193695624775424,TESS,QLP,0.0,58791.97335624043,0.0,0.0,1.0038343667984009,0.009092726744711399
461193695624775424,TESS,QLP,0.0,58791.99419008661,0.0,0.0,0.9995047450065613,0.009092726744711399
461193695624775424,TESS,QLP,0.0,58792.01502393233,0.0,0.0,0.994520902633667,0.009092726744711399
461193695624775424,TESS,QLP,0.0,58792.035857776646,0.0,0.0,0.9907586574554443,0.009092726744711399
461193695624775424,TESS,QLP,0.0,58792.05669162003,0.0,0.0,0.9897426962852478,0.009092726744711399
461193695624775424,TESS,QLP,0.0,58792.077525462955,0.0,0.0,0.9904793500900269,0.009092726744711399
461193695624775424,TESS,QLP,0.0,58792.09835930448,0.0,0.0,0.9912800192832947,0.009092726744711399
461193695624775424,TESS,QLP,0.0,58792.11919314554,0.0,0.0,0.9920631051063538,0.009092726744711399
461193695624775424,TESS,QLP,0.0,58792.1400269852,0.0,0.0,0.9939104318618774,0.009092726744711399
461193695624775424,TESS,QLP,0.0,58792.1608608244,0.0,0.0,0.9957271218299866,0.009092726744711399
461193695624775424,TESS,QLP,0.0,58792.181694662664,0.0,0.0,0.9997180700302124,0.009092726744711399
461193695624775424,TESS,QLP,0.0,58792.223362335935,0.0,0.0,1.0089420080184937,0.009092726744711399
461193695624775424,TESS,QLP,0.0,58792.24419617187,0.0,0.0,1.0113056898117065,0.009092726744711399
461193695624775424,TESS,QLP,0.0,58792.26503000641,0.0,0.0,1.0130997896194458,0.009092726744711399
461193695624775424,TESS,QLP,0.0,58792.28586384002,0.0,0.0,1.0112895965576172,0.009092726744711399
461193695624775424,TESS,QLP,0.0,58792.306697673164,0.0,0.0,1.0102216005325317,0.009092726744711399
461193695624775424,TESS,QLP,0.0,58792.32753150491,0.0,0.0,1.0095874071121216,0.009092726744711399
461193695624775424,TESS,QLP,0.0,58792.34836533619,0.0,0.0,1.006453037261963,0.009092726744711399
461193695624775424,TESS,QLP,0.0,58792.36919916654,0.0,0.0,1.003069281578064,0.009092726744711399
461193695624775424,TESS,QLP,0.0,58792.39003299596,0.0,0.0,0.9981308579444885,0.009092726744711399
461193695624775424,TESS,QLP,0.0,58792.410866824444,0.0,0.0,0.9925355315208435,0.009092726744711399
461193695624775424,TESS,QLP,0.0,58792.431700652465,0.0,0.0,0.9900409579277039,0.009092726744711399
461193695624775424,TESS,QLP,0.0,58792.45253447909,0.0,0.0,0.9899939894676208,0.009092726744711399
461193695624775424,TESS,QLP,0.0,58792.47336830525,0.0,0.0,0.9906132817268372,0.009092726744711399
461193695624775424,TESS,QLP,0.0,58792.494202130474,0.0,0.0,0.9901313781738281,0.009092726744711399
461193695624775424,TESS,QLP,0.0,58792.51503595477,0.0,0.0,0.9911242127418518,0.009092726744711399
461193695624775424,TESS,QLP,0.0,58792.5358697786,0.0,0.0,0.9928442239761353,0.009092726744711399
461193695624775424,TESS,QLP,0.0,58792.55670360103,0.0,0.0,0.9948660135269165,0.009092726744711399
461193695624775424,TESS,QLP,0.0,58792.577537423,0.0,0.0,0.9997716546058655,0.009092726744711399
461193695624775424,TESS,QLP,0.0,58792.598371244036,0.0,0.0,1.002966284751892,0.009092726744711399
461193695624775424,TESS,QLP,0.0,58792.61920506414,0.0,0.0,1.006118893623352,0.009092726744711399
461193695624775424,TESS,QLP,0.0,58792.64003888378,0.0,0.0,1.0085690021514893,0.009092726744711399
461193695624775424,TESS,QLP,0.0,58792.66087270202,0.0,0.0,1.0095288753509521,0.009092726744711399
461193695624775424,TESS,QLP,0.0,58792.6817065198,0.0,0.0,1.0099607706069946,0.009092726744711399
461193695624775424,TESS,QLP,0.0,58792.70254033711,0.0,0.0,1.0100734233856201,0.009092726744711399
461193695624775424,TESS,QLP,0.0,58792.72337415302,0.0,0.0,1.0098614692687988,0.009092726744711399
461193695624775424,TESS,QLP,0.0,58792.74420796847,0.0,0.0,1.0091121196746826,0.009092726744711399
461193695624775424,TESS,QLP,0.0,58792.76504178299,0.0,0.0,1.0074559450149536,0.009092726744711399
461193695624775424,TESS,QLP,0.0,58792.78587559657,0.0,0.0,1.002903699874878,0.009092726744711399
461193695624775424,TESS,QLP,0.0,58792.806709409226,0.0,0.0,0.9980431795120239,0.009092726744711399
461193695624775424,TESS,QLP,0.0,58792.827543221414,0.0,0.0,0.9936250448226929,0.009092726744711399
461193695624775424,TESS,QLP,0.0,58792.84837703267,0.0,0.0,0.9934094548225403,0.009092726744711399
461193695624775424,TESS,QLP,0.0,58792.86921084346,0.0,0.0,0.994810938835144,0.009092726744711399
461193695624775424,TESS,QLP,0.0,58792.89004465286,0.0,0.0,0.9949044585227966,0.009092726744711399
461193695624775424,TESS,QLP,0.0,58792.910878461786,0.0,0.0,0.9940841794013977,0.009092726744711399
461193695624775424,TESS,QLP,0.0,58792.93171226978,0.0,0.0,0.9946964979171753,0.009092726744711399
461193695624775424,TESS,QLP,0.0,58792.952546077315,0.0,0.0,0.9938772916793823,0.009092726744711399
461193695624775424,TESS,QLP,0.0,58792.97337988345,0.0,0.0,0.9959020614624023,0.009092726744711399
461193695624775424,TESS,QLP,0.0,58792.994213689584,0.0,0.0,0.9988982677459717,0.009092726744711399
461193695624775424,TESS,QLP,0.0,58793.01504749432,0.0,0.0,1.0027011632919312,0.009092726744711399
461193695624775424,TESS,QLP,0.0,58793.035881298594,0.0,0.0,1.0052231550216675,0.009092726744711399
461193695624775424,TESS,QLP,0.0,58793.056715101935,0.0,0.0,1.0068632364273071,0.009092726744711399
461193695624775424,TESS,QLP,0.0,58793.077548904344,0.0,0.0,1.0084396600723267,0.009092726744711399
461193695624775424,TESS,QLP,0.0,58793.09838270629,0.0,0.0,1.0069180727005005,0.009092726744711399
461193695624775424,TESS,QLP,0.0,58793.1192165073,0.0,0.0,1.0067288875579834,0.009092726744711399
461193695624775424,TESS,QLP,0.0,58793.14005030738,0.0,0.0,1.005307912826538,0.009092726744711399
461193695624775424,TESS,QLP,0.0,58793.160884107,0.0,0.0,1.00435209274292,0.009092726744711399
461193695624775424,TESS,QLP,0.0,58793.18171790568,0.0,0.0,1.001381754875183,0.009092726744711399
461193695624775424,TESS,QLP,0.0,58793.202551703434,0.0,0.0,0.995902955532074,0.009092726744711399
461193695624775424,TESS,QLP,0.0,58793.22338550072,0.0,0.0,0.9913976192474365,0.009092726744711399
461193695624775424,TESS,QLP,0.0,58793.24421929708,0.0,0.0,0.9904540777206421,0.009092726744711399
461193695624775424,TESS,QLP,0.0,58793.2650530925,0.0,0.0,0.9907978177070618,0.009092726744711399
461193695624775424,TESS,QLP,0.0,58793.28588688746,0.0,0.0,0.9931756258010864,0.009092726744711399
461193695624775424,TESS,QLP,0.0,58793.30672068149,0.0,0.0,0.99718177318573,0.009092726744711399
461193695624775424,TESS,QLP,0.0,58793.32755447505,0.0,0.0,1.001213788986206,0.009092726744711399
461193695624775424,TESS,QLP,0.0,58793.34838826768,0.0,0.0,1.0023013353347778,0.009092726744711399
461193695624775424,TESS,QLP,0.0,58793.36922205938,0.0,0.0,1.0033196210861206,0.009092726744711399
461193695624775424,TESS,QLP,0.0,58793.390055850614,0.0,0.0,1.0055809020996094,0.009092726744711399
461193695624775424,TESS,QLP,0.0,58793.410889640916,0.0,0.0,1.0076569318771362,0.009092726744711399
461193695624775424,TESS,QLP,0.0,58793.43172343029,0.0,0.0,1.0088640451431274,0.009092726744711399
461193695624775424,TESS,QLP,0.0,58793.45255721919,0.0,0.0,1.0098329782485962,0.009092726744711399
461193695624775424,TESS,QLP,0.0,58793.473391007166,0.0,0.0,1.0102908611297607,0.009092726744711399
461193695624775424,TESS,QLP,0.0,58793.49422479421,0.0,0.0,1.0078835487365723,0.009092726744711399
461193695624775424,TESS,QLP,0.0,58793.515058580786,0.0,0.0,1.0047297477722168,0.009092726744711399
461193695624775424,TESS,QLP,0.0,58793.5358923669,0.0,0.0,1.0031838417053223,0.009092726744711399
461193695624775424,TESS,QLP,0.0,58793.55672615161,0.0,0.0,1.0001142024993896,0.009092726744711399
461193695624775424,TESS,QLP,0.0,58793.57755993586,0.0,0.0,0.9964760541915894,0.009092726744711399
461193695624775424,TESS,QLP,0.0,58793.59839371964,0.0,0.0,0.9929828643798828,0.009092726744711399
461193695624775424,TESS,QLP,0.0,58793.619227502495,0.0,0.0,0.9894732236862183,0.009092726744711399
461193695624775424,TESS,QLP,0.0,58793.640061284415,0.0,0.0,0.9871510863304138,0.009092726744711399
461193695624775424,TESS,QLP,0.0,58793.66089506587,0.0,0.0,0.9878510236740112,0.009092726744711399
461193695624775424,TESS,QLP,0.0,58793.68172884639,0.0,0.0,0.990977942943573,0.009092726744711399
461193695624775424,TESS,QLP,0.0,58793.702562625986,0.0,0.0,0.9938904047012329,0.009092726744711399
461193695624775424,TESS,QLP,0.0,58793.72339640511,0.0,0.0,0.9956466555595398,0.009092726744711399
461193695624775424,TESS,QLP,0.0,58793.74423018377,0.0,0.0,0.9981606602668762,0.009092726744711399
461193695624775424,TESS,QLP,0.0,58793.7650639615,0.0,0.0,1.0042330026626587,0.009092726744711399
461193695624775424,TESS,QLP,0.0,58793.7858977383,0.0,0.0,1.008700966835022,0.009092726744711399
461193695624775424,TESS,QLP,0.0,58793.80673151417,0.0,0.0,1.009714126586914,0.009092726744711399
461193695624775424,TESS,QLP,0.0,58793.827565290034,0.0,0.0,1.0126336812973022,0.009092726744711399
461193695624775424,TESS,QLP,0.0,58793.8483990645,0.0,0.0,1.0135198831558228,0.009092726744711399
461193695624775424,TESS,QLP,0.0,58793.86923283851,0.0,0.0,1.0142403841018677,0.009092726744711399
461193695624775424,TESS,QLP,0.0,58793.89006661158,0.0,0.0,1.0115242004394531,0.009092726744711399
461193695624775424,TESS,QLP,0.0,58793.91090038419,0.0,0.0,1.0068827867507935,0.009092726744711399
461193695624775424,TESS,QLP,0.0,58793.93173415586,0.0,0.0,1.003299355506897,0.009092726744711399
461193695624775424,TESS,QLP,0.0,58793.952567927074,0.0,0.0,1.0,0.009092726744711399
461193695624775424,TESS,QLP,0.0,58793.97340169735,0.0,0.0,0.9964524507522583,0.009092726744711399
461193695624775424,TESS,QLP,0.0,58793.994235467166,0.0,0.0,0.9928180575370789,0.009092726744711399
461193695624775424,TESS,QLP,0.0,58794.01506923605,0.0,0.0,0.9895514845848083,0.009092726744711399
461193695624775424,TESS,QLP,0.0,58794.035903004,0.0,0.0,0.985369086265564,0.009092726744711399
461193695624775424,TESS,QLP,0.0,58794.05673677148,0.0,0.0,0.9857015013694763,0.009092726744711399
461193695624775424,TESS,QLP,0.0,58794.0775705385,0.0,0.0,0.9870027899742126,0.009092726744711399
461193695624775424,TESS,QLP,0.0,58794.09840430459,0.0,0.0,0.9905628561973572,0.009092726744711399
461193695624775424,TESS,QLP,0.0,58794.11923806975,0.0,0.0,0.9936241507530212,0.009092726744711399
461193695624775424,TESS,QLP,0.0,58794.14007183444,0.0,0.0,0.9974305629730225,0.009092726744711399
461193695624775424,TESS,QLP,0.0,58794.1609055982,0.0,0.0,1.0046167373657227,0.009092726744711399
461193695624775424,TESS,QLP,0.0,58794.18173936149,0.0,0.0,1.0111582279205322,0.009092726744711399
461193695624775424,TESS,QLP,0.0,58794.202573123854,0.0,0.0,1.0137211084365845,0.009092726744711399
461193695624775424,TESS,QLP,0.0,58794.223406885285,0.0,0.0,1.0148454904556274,0.009092726744711399
461193695624775424,TESS,QLP,0.0,58794.244240646716,0.0,0.0,1.0140248537063599,0.009092726744711399
461193695624775424,TESS,QLP,0.0,58794.26507440675,0.0,0.0,1.0134379863739014,0.009092726744711399
461193695624775424,TESS,QLP,0.0,58794.28590816632,0.0,0.0,1.0110809803009033,0.009092726744711399
461193695624775424,TESS,QLP,0.0,58794.30674192542,0.0,0.0,1.0070561170578003,0.009092726744711399
461193695624775424,TESS,QLP,0.0,58794.327575683594,0.0,0.0,1.003855586051941,0.009092726744711399
461193695624775424,TESS,QLP,0.0,58794.348409440834,0.0,0.0,1.0007811784744263,0.009092726744711399
461193695624775424,TESS,QLP,0.0,58794.36924319761,0.0,0.0,0.9977723360061646,0.009092726744711399
461193695624775424,TESS,QLP,0.0,58794.39007695392,0.0,0.0,0.9942606091499329,0.009092726744711399
461193695624775424,TESS,QLP,0.0,58794.410910709295,0.0,0.0,0.9906020164489746,0.009092726744711399
461193695624775424,TESS,QLP,0.0,58794.43174446374,0.0,0.0,0.9875890612602234,0.009092726744711399
461193695624775424,TESS,QLP,0.0,58794.47341197077,0.0,0.0,0.9885350465774536,0.009092726744711399
461193695624775424,TESS,QLP,0.0,58794.494245723356,0.0,0.0,0.9889310598373413,0.009092726744711399
461193695624775424,TESS,QLP,0.0,58794.51507947547,0.0,0.0,0.992019534111023,0.009092726744711399
461193695624775424,TESS,QLP,0.0,58794.535913226195,0.0,0.0,0.9928041100502014,0.009092726744711399
461193695624775424,TESS,QLP,0.0,58794.556746976916,0.0,0.0,0.9972378611564636,0.009092726744711399
461193695624775424,TESS,QLP,0.0,58794.577580726705,0.0,0.0,1.003946304321289,0.009092726744711399
461193695624775424,TESS,QLP,0.0,58794.598414475564,0.0,0.0,1.0093355178833008,0.009092726744711399
461193695624775424,TESS,QLP,0.0,58794.61924822396,0.0,0.0,1.0128952264785767,0.009092726744711399
461193695624775424,TESS,QLP,0.0,58794.64008197142,0.0,0.0,1.0136160850524902,0.009092726744711399
461193695624775424,TESS,QLP,0.0,58794.660915718414,0.0,0.0,1.0122698545455933,0.009092726744711399
461193695624775424,TESS,QLP,0.0,58794.681749464944,0.0,0.0,1.0099883079528809,0.009092726744711399
461193695624775424,TESS,QLP,0.0,58794.70258321054,0.0,0.0,1.0052982568740845,0.009092726744711399
461193695624775424,TESS,QLP,0.0,58794.72341695521,0.0,0.0,1.0008893013000488,0.009092726744711399
461193695624775424,TESS,QLP,0.0,58794.74425069941,0.0,0.0,0.9991158843040466,0.009092726744711399
461193695624775424,TESS,QLP,0.0,58794.76508444268,0.0,0.0,0.9956571459770203,0.009092726744711399
461193695624775424,TESS,QLP,0.0,58794.78591818549,0.0,0.0,0.9918383359909058,0.009092726744711399
461193695624775424,TESS,QLP,0.0,58794.80675192783,0.0,0.0,0.9910911321640015,0.009092726744711399
461193695624775424,TESS,QLP,0.0,58794.827585669234,0.0,0.0,0.9901522397994995,0.009092726744711399
461193695624775424,TESS,QLP,0.0,58794.84841940971,0.0,0.0,0.9908108711242676,0.009092726744711399
461193695624775424,TESS,QLP,0.0,58794.86925314972,0.0,0.0,0.9933509826660156,0.009092726744711399
461193695624775424,TESS,QLP,0.0,58794.89008688927,0.0,0.0,0.9983272552490234,0.009092726744711399
461193695624775424,TESS,QLP,0.0,58794.91092062788,0.0,0.0,1.0027557611465454,0.009092726744711399
461193695624775424,TESS,QLP,0.0,58794.93175436603,0.0,0.0,1.0052223205566406,0.009092726744711399
461193695624775424,TESS,QLP,0.0,58794.952588103246,0.0,0.0,1.010689377784729,0.009092726744711399
461193695624775424,TESS,QLP,0.0,58794.97342183953,0.0,0.0,1.011736512184143,0.009092726744711399
461193695624775424,TESS,QLP,0.0,58794.99425557582,0.0,0.0,1.010959267616272,0.009092726744711399
461193695624775424,TESS,QLP,0.0,58795.015089310706,0.0,0.0,1.0089455842971802,0.009092726744711399
461193695624775424,TESS,QLP,0.0,58795.03592304513,0.0,0.0,1.0077693462371826,0.009092726744711399
461193695624775424,TESS,QLP,0.0,58795.056756779086,0.0,0.0,1.0040336847305298,0.009092726744711399
461193695624775424,TESS,QLP,0.0,58795.07759051258,0.0,0.0,1.0004217624664307,0.009092726744711399
461193695624775424,TESS,QLP,0.0,58795.09842424467,0.0,0.0,0.998400866985321,0.009092726744711399
461193695624775424,TESS,QLP,0.0,58795.11925797677,0.0,0.0,0.995293378829956,0.009092726744711399
461193695624775424,TESS,QLP,0.0,58795.14009170793,0.0,0.0,0.9950529932975769,0.009092726744711399
461193695624775424,TESS,QLP,0.0,58795.16092543816,0.0,0.0,0.996224045753479,0.009092726744711399
461193695624775424,TESS,QLP,0.0,58795.18175916793,0.0,0.0,0.9958338141441345,0.009092726744711399
461193695624775424,TESS,QLP,0.0,58795.20259289723,0.0,0.0,0.9956842660903931,0.009092726744711399
461193695624775424,TESS,QLP,0.0,58795.2234266256,0.0,0.0,0.9938248991966248,0.009092726744711399
461193695624775424,TESS,QLP,0.0,58795.244260353036,0.0,0.0,0.9921659231185913,0.009092726744711399
461193695624775424,TESS,QLP,0.0,58795.26509408001,0.0,0.0,0.9930543899536133,0.009092726744711399
461193695624775424,TESS,QLP,0.0,58795.285927806515,0.0,0.0,0.9921450614929199,0.009092726744711399
461193695624775424,TESS,QLP,0.0,58795.30676153209,0.0,0.0,0.9921590089797974,0.009092726744711399
461193695624775424,TESS,QLP,0.0,58795.3275952572,0.0,0.0,0.9958504438400269,0.009092726744711399
461193695624775424,TESS,QLP,0.0,58795.348428981844,0.0,0.0,1.0024527311325073,0.009092726744711399
461193695624775424,TESS,QLP,0.0,58795.36926270509,0.0,0.0,1.0074002742767334,0.009092726744711399
461193695624775424,TESS,QLP,0.0,58795.39009642834,0.0,0.0,1.0115002393722534,0.009092726744711399
461193695624775424,TESS,QLP,0.0,58795.410930150654,0.0,0.0,1.014744758605957,0.009092726744711399
461193695624775424,TESS,QLP,0.0,58795.43176387204,0.0,0.0,1.0172882080078125,0.009092726744711399
461193695624775424,TESS,QLP,0.0,58795.45259759342,0.0,0.0,1.0170693397521973,0.009092726744711399
461193695624775424,TESS,QLP,0.0,58795.47343131341,0.0,0.0,1.013330340385437,0.009092726744711399
461193695624775424,TESS,QLP,0.0,58795.49426503293,0.0,0.0,1.0088568925857544,0.009092726744711399
461193695624775424,TESS,QLP,0.0,58795.51509875199,0.0,0.0,1.0041826963424683,0.009092726744711399
461193695624775424,TESS,QLP,0.0,58795.53593247058,0.0,0.0,0.9995670318603516,0.009092726744711399
461193695624775424,TESS,QLP,0.0,58795.55676618777,0.0,0.0,0.9948537349700928,0.009092726744711399
461193695624775424,TESS,QLP,0.0,58795.577599904966,0.0,0.0,0.9899835586547852,0.009092726744711399
461193695624775424,TESS,QLP,0.0,58795.59843362123,0.0,0.0,0.9867193698883057,0.009092726744711399
461193695624775424,TESS,QLP,0.0,58795.619267337024,0.0,0.0,0.9852427244186401,0.009092726744711399
461193695624775424,TESS,QLP,0.0,58795.64010105189,0.0,0.0,0.9851717948913574,0.009092726744711399
461193695624775424,TESS,QLP,0.0,58795.66093476582,0.0,0.0,0.9877417087554932,0.009092726744711399
461193695624775424,TESS,QLP,0.0,58795.68176847976,0.0,0.0,0.9899574518203735,0.009092726744711399
461193695624775424,TESS,QLP,0.0,58795.70260219276,0.0,0.0,0.9956361651420593,0.009092726744711399
461193695624775424,TESS,QLP,0.0,58795.72343590483,0.0,0.0,1.001585841178894,0.009092726744711399
461193695624775424,TESS,QLP,0.0,58795.744269616436,0.0,0.0,1.0070021152496338,0.009092726744711399
461193695624775424,TESS,QLP,0.0,58795.765103327576,0.0,0.0,1.010715126991272,0.009092726744711399
461193695624775424,TESS,QLP,0.0,58795.785937037785,0.0,0.0,1.0117623805999756,0.009092726744711399
461193695624775424,TESS,QLP,0.0,58795.80677074706,0.0,0.0,1.0134477615356445,0.009092726744711399
461193695624775424,TESS,QLP,0.0,58795.82760445634,0.0,0.0,1.0128737688064575,0.009092726744711399
461193695624775424,TESS,QLP,0.0,58795.848438164685,0.0,0.0,1.0103156566619873,0.009092726744711399
461193695624775424,TESS,QLP,0.0,58795.8692718721,0.0,0.0,1.0072764158248901,0.009092726744711399
461193695624775424,TESS,QLP,0.0,58795.89010557905,0.0,0.0,1.00471031665802,0.009092726744711399
461193695624775424,TESS,QLP,0.0,58795.91093928553,0.0,0.0,1.0022881031036377,0.009092726744711399
461193695624775424,TESS,QLP,0.0,58795.93177299108,0.0,0.0,1.000964879989624,0.009092726744711399
461193695624775424,TESS,QLP,0.0,58795.95260669617,0.0,0.0,1.0006150007247925,0.009092726744711399
461193695624775424,TESS,QLP,0.0,58795.973440400325,0.0,0.0,0.9995222687721252,0.009092726744711399
461193695624775424,TESS,QLP,0.0,58795.994274104014,0.0,0.0,0.9979143142700195,0.009092726744711399
461193695624775424,TESS,QLP,0.0,58796.01510780677,0.0,0.0,0.9937533140182495,0.009092726744711399
461193695624775424,TESS,QLP,0.0,58796.035941509064,0.0,0.0,0.9906968474388123,0.009092726744711399
461193695624775424,TESS,QLP,0.0,58796.05677521089,0.0,0.0,0.9876341819763184,0.009092726744711399
461193695624775424,TESS,QLP,0.0,58796.077608911786,0.0,0.0,0.9863571524620056,0.009092726744711399
461193695624775424,TESS,QLP,0.0,58796.098442612216,0.0,0.0,0.9866968393325806,0.009092726744711399
461193695624775424,TESS,QLP,0.0,58796.11927631218,0.0,0.0,0.9899296164512634,0.009092726744711399
461193695624775424,TESS,QLP,0.0,58796.14011001121,0.0,0.0,0.9950853586196899,0.009092726744711399
461193695624775424,TESS,QLP,0.0,58796.160943709314,0.0,0.0,0.9995565414428711,0.009092726744711399
461193695624775424,TESS,QLP,0.0,58796.18177740695,0.0,0.0,1.0051155090332031,0.009092726744711399
461193695624775424,TESS,QLP,0.0,58796.20261110412,0.0,0.0,1.0119134187698364,0.009092726744711399
461193695624775424,TESS,QLP,0.0,58796.223444800824,0.0,0.0,1.0149497985839844,0.009092726744711399
461193695624775424,TESS,QLP,0.0,58796.2442784966,0.0,0.0,1.016435146331787,0.009092726744711399
461193695624775424,TESS,QLP,0.0,58796.26511219144,0.0,0.0,1.015270709991455,0.009092726744711399
461193695624775424,TESS,QLP,0.0,58796.285945885815,0.0,0.0,1.0129050016403198,0.009092726744711399
461193695624775424,TESS,QLP,0.0,58796.306779579725,0.0,0.0,1.0083731412887573,0.009092726744711399
461193695624775424,TESS,QLP,0.0,58796.32761327317,0.0,0.0,1.0037938356399536,0.009092726744711399
461193695624775424,TESS,QLP,0.0,58796.34844696568,0.0,0.0,1.001845359802246,0.009092726744711399
461193695624775424,TESS,QLP,0.0,58796.369280657265,0.0,0.0,0.9973280429840088,0.009092726744711399
461193695624775424,TESS,QLP,0.0,58796.39011434838,0.0,0.0,0.9949691295623779,0.009092726744711399
461193695624775424,TESS,QLP,0.0,58796.41094803903,0.0,0.0,0.9919777512550354,0.009092726744711399
461193695624775424,TESS,QLP,0.0,58796.43178172875,0.0,0.0,0.9889301657676697,0.009092726744711399
461193695624775424,TESS,QLP,0.0,58796.45261541847,0.0,0.0,0.9885879755020142,0.009092726744711399
461193695624775424,TESS,QLP,0.0,58796.473449106794,0.0,0.0,0.9893220067024231,0.009092726744711399
461193695624775424,TESS,QLP,0.0,58796.49428279465,0.0,0.0,0.991247832775116,0.009092726744711399
461193695624775424,TESS,QLP,0.0,58796.51511648204,0.0,0.0,0.9939951300621033,0.009092726744711399
461193695624775424,TESS,QLP,0.0,58796.53595016897,0.0,0.0,0.9968236088752747,0.009092726744711399
461193695624775424,TESS,QLP,0.0,58796.556783854496,0.0,0.0,0.9999710321426392,0.009092726744711399
461193695624775424,TESS,QLP,0.0,58796.577617540024,0.0,0.0,1.0050634145736694,0.009092726744711399
461193695624775424,TESS,QLP,0.0,58796.59845122462,0.0,0.0,1.0088533163070679,0.009092726744711399
461193695624775424,TESS,QLP,0.0,58796.61928490875,0.0,0.0,1.0113394260406494,0.009092726744711399
461193695624775424,TESS,QLP,0.0,58796.64011859242,0.0,0.0,1.0117223262786865,0.009092726744711399
461193695624775424,TESS,QLP,0.0,58796.66095227515,0.0,0.0,1.0120049715042114,0.009092726744711399
461193695624775424,TESS,QLP,0.0,58796.68178595696,0.0,0.0,1.0117151737213135,0.009092726744711399
461193695624775424,TESS,QLP,0.0,58796.70261963876,0.0,0.0,1.0086469650268555,0.009092726744711399
461193695624775424,TESS,QLP,0.0,58796.72345331963,0.0,0.0,1.004563808441162,0.009092726744711399
461193695624775424,TESS,QLP,0.0,58796.74428699957,0.0,0.0,1.0015215873718262,0.009092726744711399
461193695624775424,TESS,QLP,0.0,58796.76512067905,0.0,0.0,0.9987666606903076,0.009092726744711399
461193695624775424,TESS,QLP,0.0,58796.785954358056,0.0,0.0,0.9961339235305786,0.009092726744711399
461193695624775424,TESS,QLP,0.0,58796.8067880366,0.0,0.0,0.9924997687339783,0.009092726744711399
461193695624775424,TESS,QLP,0.0,58796.82762171421,0.0,0.0,0.9905263185501099,0.009092726744711399
461193695624775424,TESS,QLP,0.0,58796.84845539089,0.0,0.0,0.9893489480018616,0.009092726744711399
461193695624775424,TESS,QLP,0.0,58796.869289067574,0.0,0.0,0.9891421794891357,0.009092726744711399
461193695624775424,TESS,QLP,0.0,58796.89012274286,0.0,0.0,0.9906603097915649,0.009092726744711399
461193695624775424,TESS,QLP,0.0,58796.91095641814,0.0,0.0,0.9927666187286377,0.009092726744711399
461193695624775424,TESS,QLP,0.0,58796.931790092494,0.0,0.0,0.9962677955627441,0.009092726744711399
461193695624775424,TESS,QLP,0.0,58796.95262376638,0.0,0.0,1.0003540515899658,0.009092726744711399
461193695624775424,TESS,QLP,0.0,58796.97345743934,0.0,0.0,1.0046758651733398,0.009092726744711399
461193695624775424,TESS,QLP,0.0,58796.99429111183,0.0,0.0,1.0093772411346436,0.009092726744711399
461193695624775424,TESS,QLP,0.0,58797.01512478385,0.0,0.0,1.011884093284607,0.009092726744711399
461193695624775424,TESS,QLP,0.0,58797.035958454944,0.0,0.0,1.012135624885559,0.009092726744711399
461193695624775424,TESS,QLP,0.0,58797.05679212557,0.0,0.0,1.0126371383666992,0.009092726744711399
461193695624775424,TESS,QLP,0.0,58797.07762579573,0.0,0.0,1.011035680770874,0.009092726744711399
461193695624775424,TESS,QLP,0.0,58797.09845946496,0.0,0.0,1.0102100372314453,0.009092726744711399
461193695624775424,TESS,QLP,0.0,58797.11929313373,0.0,0.0,1.007604718208313,0.009092726744711399
461193695624775424,TESS,QLP,0.0,58797.14012680156,0.0,0.0,1.003801703453064,0.009092726744711399
461193695624775424,TESS,QLP,0.0,58797.16096046893,0.0,0.0,0.9974095225334167,0.009092726744711399
461193695624775424,TESS,QLP,0.0,58797.18179413583,0.0,0.0,0.9936014413833618,0.009092726744711399
461193695624775424,TESS,QLP,0.0,58797.2026278018,0.0,0.0,0.9920317530632019,0.009092726744711399
461193695624775424,TESS,QLP,0.0,58797.22346146731,0.0,0.0,0.9890248775482178,0.009092726744711399
461193695624775424,TESS,QLP,0.0,58797.24429513235,0.0,0.0,0.989033579826355,0.009092726744711399
461193695624775424,TESS,QLP,0.0,58797.265128796455,0.0,0.0,0.9889354109764099,0.009092726744711399
461193695624775424,TESS,QLP,0.0,58797.2859624601,0.0,0.0,0.9903601408004761,0.009092726744711399
461193695624775424,TESS,QLP,0.0,58797.306796123274,0.0,0.0,0.9925128817558289,0.009092726744711399
461193695624775424,TESS,QLP,0.0,58797.32762978552,0.0,0.0,0.9954262971878052,0.009092726744711399
461193695624775424,TESS,QLP,0.0,58797.3484634473,0.0,0.0,1.001001000404358,0.009092726744711399
461193695624775424,TESS,QLP,0.0,58797.36929710815,0.0,0.0,1.0057239532470703,0.009092726744711399
461193695624775424,TESS,QLP,0.0,58797.390130768996,0.0,0.0,1.007102131843567,0.009092726744711399
461193695624775424,TESS,QLP,0.0,58797.41096442845,0.0,0.0,1.0069146156311035,0.009092726744711399
461193695624775424,TESS,QLP,0.0,58797.4317980879,0.0,0.0,1.0074710845947266,0.009092726744711399
461193695624775424,TESS,QLP,0.0,58797.45263174642,0.0,0.0,1.008750557899475,0.009092726744711399
461193695624775424,TESS,QLP,0.0,58797.47346540447,0.0,0.0,1.0096397399902344,0.009092726744711399
461193695624775424,TESS,QLP,0.0,58797.4942990616,0.0,0.0,1.0104398727416992,0.009092726744711399
461193695624775424,TESS,QLP,0.0,58797.515132718254,0.0,0.0,1.0090429782867432,0.009092726744711399
461193695624775424,TESS,QLP,0.0,58797.535966374446,0.0,0.0,1.0058449506759644,0.009092726744711399
461193695624775424,TESS,QLP,0.0,58797.556800029706,0.0,0.0,1.0015629529953003,0.009092726744711399
461193695624775424,TESS,QLP,0.0,58797.5776336845,0.0,0.0,0.998455286026001,0.009092726744711399
461193695624775424,TESS,QLP,0.0,58797.59846733883,0.0,0.0,0.9968682527542114,0.009092726744711399
461193695624775424,TESS,QLP,0.0,58797.61930099223,0.0,0.0,0.9924213290214539,0.009092726744711399
461193695624775424,TESS,QLP,0.0,58797.64013464516,0.0,0.0,0.9902792572975159,0.009092726744711399
461193695624775424,TESS,QLP,0.0,58797.66096829763,0.0,0.0,0.9894124269485474,0.009092726744711399
461193695624775424,TESS,QLP,0.0,58797.68180194963,0.0,0.0,0.9893724322319031,0.009092726744711399
461193695624775424,TESS,QLP,0.0,58797.7026356007,0.0,0.0,0.9915822148323059,0.009092726744711399
461193695624775424,TESS,QLP,0.0,58797.723469250835,0.0,0.0,0.995844304561615,0.009092726744711399
461193695624775424,TESS,QLP,0.0,58797.744302900974,0.0,0.0,1.0006150007247925,0.009092726744711399
461193695624775424,TESS,QLP,0.0,58797.76513655018,0.0,0.0,1.0064972639083862,0.009092726744711399
461193695624775424,TESS,QLP,0.0,58797.785970198456,0.0,0.0,1.008346676826477,0.009092726744711399
461193695624775424,TESS,QLP,0.0,58797.80680384673,0.0,0.0,1.0091538429260254,0.009092726744711399
461193695624775424,TESS,QLP,0.0,58797.827637494076,0.0,0.0,1.0094835758209229,0.009092726744711399
461193695624775424,TESS,QLP,0.0,58797.84847114049,0.0,0.0,1.0085982084274292,0.009092726744711399
461193695624775424,TESS,QLP,0.0,58797.8693047869,0.0,0.0,1.008831262588501,0.009092726744711399
461193695624775424,TESS,QLP,0.0,58797.89013843238,0.0,0.0,1.0065670013427734,0.009092726744711399
461193695624775424,TESS,QLP,0.0,58797.9109720774,0.0,0.0,1.0020583868026733,0.009092726744711399
461193695624775424,TESS,QLP,0.0,58797.931805721484,0.0,0.0,0.9986657500267029,0.009092726744711399
461193695624775424,TESS,QLP,0.0,58797.9526393651,0.0,0.0,0.996476948261261,0.009092726744711399
461193695624775424,TESS,QLP,0.0,58797.97347300826,0.0,0.0,0.9945532083511353,0.009092726744711399
461193695624775424,TESS,QLP,0.0,58797.99430665048,0.0,0.0,0.9951037168502808,0.009092726744711399
461193695624775424,TESS,QLP,0.0,58798.015140292235,0.0,0.0,0.994152307510376,0.009092726744711399
461193695624775424,TESS,QLP,0.0,58798.035973933525,0.0,0.0,0.9933152198791504,0.009092726744711399
461193695624775424,TESS,QLP,0.0,58798.05680757435,0.0,0.0,0.9958189725875854,0.009092726744711399
461193695624775424,TESS,QLP,0.0,58798.077641214244,0.0,0.0,0.9981167912483215,0.009092726744711399
461193695624775424,TESS,QLP,0.0,58798.09847485367,0.0,0.0,0.998380720615387,0.009092726744711399
461193695624775424,TESS,QLP,0.0,58798.11930849217,0.0,0.0,0.9999517202377319,0.009092726744711399
461193695624775424,TESS,QLP,0.0,58798.140142130665,0.0,0.0,1.0039737224578857,0.009092726744711399
461193695624775424,TESS,QLP,0.0,58798.16097576823,0.0,0.0,1.0069092512130737,0.009092726744711399
461193695624775424,TESS,QLP,0.0,58798.181809404865,0.0,0.0,1.0061233043670654,0.009092726744711399
461193695624775424,TESS,QLP,0.0,58798.2026430415,0.0,0.0,1.0050712823867798,0.009092726744711399
461193695624775424,TESS,QLP,0.0,58798.2234766772,0.0,0.0,1.0051878690719604,0.009092726744711399
461193695624775424,TESS,QLP,0.0,58798.24431031244,0.0,0.0,1.0051931142807007,0.009092726744711399
461193695624775424,TESS,QLP,0.0,58798.265143946745,0.0,0.0,1.0058555603027344,0.009092726744711399
461193695624775424,TESS,QLP,0.0,58798.285977580585,0.0,0.0,1.0044509172439575,0.009092726744711399
461193695624775424,TESS,QLP,0.0,58798.30681121396,0.0,0.0,0.9994134306907654,0.009092726744711399
461193695624775424,TESS,QLP,0.0,58798.32764484687,0.0,0.0,0.9940589070320129,0.009092726744711399
461193695624775424,TESS,QLP,0.0,58798.348478478845,0.0,0.0,0.9936485886573792,0.009092726744711399
461193695624775424,TESS,QLP,0.0,58798.36931211036,0.0,0.0,0.9924439787864685,0.009092726744711399
461193695624775424,TESS,QLP,0.0,58798.3901457414,0.0,0.0,0.9951797723770142,0.009092726744711399
461193695624775424,TESS,QLP,0.0,58798.41097937152,0.0,0.0,0.9957437515258789,0.009092726744711399
461193695624775424,TESS,QLP,0.0,58798.43181300117,0.0,0.0,0.9957131147384644,0.009092726744711399
461193695624775424,TESS,QLP,0.0,58798.45264663035,0.0,0.0,0.9973272085189819,0.009092726744711399
461193695624775424,TESS,QLP,0.0,58798.47348025907,0.0,0.0,1.0003645420074463,0.009092726744711399
461193695624775424,TESS,QLP,0.0,58798.494313886855,0.0,0.0,1.0042039155960083,0.009092726744711399
461193695624775424,TESS,QLP,0.0,58798.515147514176,0.0,0.0,1.0068553686141968,0.009092726744711399
461193695624775424,TESS,QLP,0.0,58798.53598114103,0.0,0.0,1.0090855360031128,0.009092726744711399
461193695624775424,TESS,QLP,0.0,58798.556814766955,0.0,0.0,1.0096361637115479,0.009092726744711399
461193695624775424,TESS,QLP,0.0,58798.57764839288,0.0,0.0,1.0091192722320557,0.009092726744711399
461193695624775424,TESS,QLP,0.0,58798.59848201787,0.0,0.0,1.006118893623352,0.009092726744711399
461193695624775424,TESS,QLP,0.0,58798.61931564193,0.0,0.0,1.0030587911605835,0.009092726744711399
461193695624775424,TESS,QLP,0.0,58798.64014926599,0.0,0.0,0.998937726020813,0.009092726744711399
461193695624775424,TESS,QLP,0.0,58798.66098288912,0.0,0.0,0.9980738162994385,0.009092726744711399
461193695624775424,TESS,QLP,0.0,58798.68181651179,0.0,0.0,0.996807873249054,0.009092726744711399
461193695624775424,TESS,QLP,0.0,58798.72348375525,0.0,0.0,0.9949647188186646,0.009092726744711399
461193695624775424,TESS,QLP,0.0,58798.744317376055,0.0,0.0,0.9947462677955627,0.009092726744711399
461193695624775424,TESS,QLP,0.0,58798.76515099639,0.0,0.0,0.9955565929412842,0.009092726744711399
461193695624775424,TESS,QLP,0.0,58798.78598461626,0.0,0.0,0.995664119720459,0.009092726744711399
461193695624775424,TESS,QLP,0.0,58798.8068182352,0.0,0.0,0.9952496886253357,0.009092726744711399
461193695624775424,TESS,QLP,0.0,58798.82765185367,0.0,0.0,0.9944308996200562,0.009092726744711399
461193695624775424,TESS,QLP,0.0,58798.84848547168,0.0,0.0,0.994073748588562,0.009092726744711399
461193695624775424,TESS,QLP,0.0,58798.86931908922,0.0,0.0,0.9966537356376648,0.009092726744711399
461193695624775424,TESS,QLP,0.0,58798.89015270583,0.0,0.0,1.0012682676315308,0.009092726744711399
461193695624775424,TESS,QLP,0.0,58798.91098632198,0.0,0.0,1.0067341327667236,0.009092726744711399
461193695624775424,TESS,QLP,0.0,58798.93181993766,0.0,0.0,1.0118165016174316,0.009092726744711399
461193695624775424,TESS,QLP,0.0,58798.95265355287,0.0,0.0,1.0134602785110474,0.009092726744711399
461193695624775424,TESS,QLP,0.0,58798.97348716762,0.0,0.0,1.0129975080490112,0.009092726744711399
461193695624775424,TESS,QLP,0.0,58798.994320781436,0.0,0.0,1.011217713356018,0.009092726744711399
461193695624775424,TESS,QLP,0.0,58799.01515439479,0.0,0.0,1.0092735290527344,0.009092726744711399
461193695624775424,TESS,QLP,0.0,58799.03598800767,0.0,0.0,1.004569172859192,0.009092726744711399
461193695624775424,TESS,QLP,0.0,58799.05682162009,0.0,0.0,1.0004059076309204,0.009092726744711399
461193695624775424,TESS,QLP,0.0,58799.07765523158,0.0,0.0,0.9967684745788574,0.009092726744711399
461193695624775424,TESS,QLP,0.0,58799.0984888426,0.0,0.0,0.9921685457229614,0.009092726744711399
461193695624775424,TESS,QLP,0.0,58799.11932245316,0.0,0.0,0.9881730079650879,0.009092726744711399
461193695624775424,TESS,QLP,0.0,58799.14015606325,0.0,0.0,0.9873999357223511,0.009092726744711399
461193695624775424,TESS,QLP,0.0,58799.16098967288,0.0,0.0,0.9870244860649109,0.009092726744711399
461193695624775424,TESS,QLP,0.0,58799.18182328157,0.0,0.0,0.9889215230941772,0.009092726744711399
461193695624775424,TESS,QLP,0.0,58799.202656890266,0.0,0.0,0.9931076169013977,0.009092726744711399
461193695624775424,TESS,QLP,0.0,58799.22349049803,0.0,0.0,0.9979555010795593,0.009092726744711399
461193695624775424,TESS,QLP,0.0,58799.244324105326,0.0,0.0,1.0012507438659668,0.009092726744711399
461193695624775424,TESS,QLP,0.0,58799.26515771169,0.0,0.0,1.0034747123718262,0.009092726744711399
461193695624775424,TESS,QLP,0.0,58799.28599131806,0.0,0.0,1.0052567720413208,0.009092726744711399
461193695624775424,TESS,QLP,0.0,58799.30682492349,0.0,0.0,1.008813500404358,0.009092726744711399
461193695624775424,TESS,QLP,0.0,58799.32765852893,0.0,0.0,1.0109628438949585,0.009092726744711399
461193695624775424,TESS,QLP,0.0,58799.34849213343,0.0,0.0,1.0115054845809937,0.009092726744711399
461193695624775424,TESS,QLP,0.0,58799.36932573747,0.0,0.0,1.0094783306121826,0.009092726744711399
461193695624775424,TESS,QLP,0.0,58799.390159340575,0.0,0.0,1.009609580039978,0.009092726744711399
461193695624775424,TESS,QLP,0.0,58799.41099294368,0.0,0.0,1.007277250289917,0.009092726744711399
461193695624775424,TESS,QLP,0.0,58799.43182654632,0.0,0.0,1.0055913925170898,0.009092726744711399
461193695624775424,TESS,QLP,0.0,58799.45266014803,0.0,0.0,1.003055214881897,0.009092726744711399
461193695624775424,TESS,QLP,0.0,58799.473493749276,0.0,0.0,0.9997408986091614,0.009092726744711399
461193695624775424,TESS,QLP,0.0,58799.494327350054,0.0,0.0,0.9979607462882996,0.009092726744711399
461193695624775424,TESS,QLP,0.0,58799.51516095037,0.0,0.0,0.995331883430481,0.009092726744711399
461193695624775424,TESS,QLP,0.0,58799.53599455021,0.0,0.0,0.9941200017929077,0.009092726744711399
461193695624775424,TESS,QLP,0.0,58799.556828149594,0.0,0.0,0.9934470057487488,0.009092726744711399
461193695624775424,TESS,QLP,0.0,58799.57766174851,0.0,0.0,0.9924631714820862,0.009092726744711399
461193695624775424,TESS,QLP,0.0,58799.598495346494,0.0,0.0,0.9932760000228882,0.009092726744711399
461193695624775424,TESS,QLP,0.0,58799.61932894401,0.0,0.0,0.9930369257926941,0.009092726744711399
461193695624775424,TESS,QLP,0.0,58799.64016254153,0.0,0.0,0.9920822978019714,0.009092726744711399
461193695624775424,TESS,QLP,0.0,58799.66099613812,0.0,0.0,0.993971586227417,0.009092726744711399
461193695624775424,TESS,QLP,0.0,58799.68182973424,0.0,0.0,0.9974901676177979,0.009092726744711399
461193695624775424,TESS,QLP,0.0,58799.702663329896,0.0,0.0,1.0018770694732666,0.009092726744711399
461193695624775424,TESS,QLP,0.0,58799.72349692555,0.0,0.0,1.0065829753875732,0.009092726744711399
461193695624775424,TESS,QLP,0.0,58799.744330520276,0.0,0.0,1.0107043981552124,0.009092726744711399
461193695624775424,TESS,QLP,0.0,58799.76516411407,0.0,0.0,1.0114442110061646,0.009092726744711399
461193695624775424,TESS,QLP,0.0,58799.78599770786,0.0,0.0,1.0106911659240723,0.009092726744711399
461193695624775424,TESS,QLP,0.0,58799.80683130119,0.0,0.0,1.0087345838546753,0.009092726744711399
461193695624775424,TESS,QLP,0.0,58799.82766489405,0.0,0.0,1.006412386894226,0.009092726744711399
461193695624775424,TESS,QLP,0.0,58799.84849848645,0.0,0.0,1.0052990913391113,0.009092726744711399
461193695624775424,TESS,QLP,0.0,58799.86933207838,0.0,0.0,1.0022563934326172,0.009092726744711399
461193695624775424,TESS,QLP,0.0,58799.89016566984,0.0,0.0,1.0001791715621948,0.009092726744711399
461193695624775424,TESS,QLP,0.0,58799.91099926084,0.0,0.0,0.9977644085884094,0.009092726744711399
461193695624775424,TESS,QLP,0.0,58799.93183285091,0.0,0.0,0.9943348169326782,0.009092726744711399
461193695624775424,TESS,QLP,0.0,58799.95266644098,0.0,0.0,0.9928250312805176,0.009092726744711399
461193695624775424,TESS,QLP,0.0,58799.97350003058,0.0,0.0,0.9914228320121765,0.009092726744711399
461193695624775424,TESS,QLP,0.0,58799.99433361972,0.0,0.0,0.9913409948348999,0.009092726744711399
461193695624775424,TESS,QLP,0.0,58800.01516720839,0.0,0.0,0.9928616285324097,0.009092726744711399
461193695624775424,TESS,QLP,0.0,58800.036000796594,0.0,0.0,0.9950006008148193,0.009092726744711399
461193695624775424,TESS,QLP,0.0,58800.05683438433,0.0,0.0,0.9967159032821655,0.009092726744711399
461193695624775424,TESS,QLP,0.0,58800.07766797207,0.0,0.0,0.999208927154541,0.009092726744711399
461193695624775424,TESS,QLP,0.0,58800.09850155888,0.0,0.0,1.0035901069641113,0.009092726744711399
461193695624775424,TESS,QLP,0.0,58800.119335145224,0.0,0.0,1.0088834762573242,0.009092726744711399
461193695624775424,TESS,QLP,0.0,58800.14016873157,0.0,0.0,1.0097284317016602,0.009092726744711399
461193695624775424,TESS,QLP,0.0,58800.16100231744,0.0,0.0,1.009682297706604,0.009092726744711399
461193695624775424,TESS,QLP,0.0,58800.18183590239,0.0,0.0,1.0095802545547485,0.009092726744711399
461193695624775424,TESS,QLP,0.0,58800.202669487335,0.0,0.0,1.0070887804031372,0.009092726744711399
461193695624775424,TESS,QLP,0.0,58800.22350307228,0.0,0.0,1.0021991729736328,0.009092726744711399
461193695624775424,TESS,QLP,0.0,58800.244336656295,0.0,0.0,1.0022159814834595,0.009092726744711399
461193695624775424,TESS,QLP,0.0,58800.26517024031,0.0,0.0,1.0001335144042969,0.009092726744711399
461193695624775424,TESS,QLP,0.0,58800.28600382339,0.0,0.0,0.9991395473480225,0.009092726744711399
461193695624775424,TESS,QLP,0.0,58800.306837406475,0.0,0.0,0.9987534880638123,0.009092726744711399
461193695624775424,TESS,QLP,0.0,58800.32767098956,0.0,0.0,0.9987429976463318,0.009092726744711399
461193695624775424,TESS,QLP,0.0,58800.34850457171,0.0,0.0,0.9972886443138123,0.009092726744711399
461193695624775424,TESS,QLP,0.0,58800.36933815386,0.0,0.0,0.9942238926887512,0.009092726744711399
461193695624775424,TESS,QLP,0.0,58800.39017173555,0.0,0.0,0.9926227331161499,0.009092726744711399
461193695624775424,TESS,QLP,0.0,58800.41100531677,0.0,0.0,0.9913105368614197,0.009092726744711399
461193695624775424,TESS,QLP,0.0,58800.43183889799,0.0,0.0,0.9899756908416748,0.009092726744711399
461193695624775424,TESS,QLP,0.0,58800.45267247874,0.0,0.0,0.9928982853889465,0.009092726744711399
461193695624775424,TESS,QLP,0.0,58800.4735060595,0.0,0.0,0.9956187009811401,0.009092726744711399
461193695624775424,TESS,QLP,0.0,58800.49433963979,0.0,0.0,1.0015119314193726,0.009092726744711399
461193695624775424,TESS,QLP,0.0,58800.51517321961,0.0,0.0,1.0074577331542969,0.009092726744711399
461193695624775424,TESS,QLP,0.0,58800.53600679943,0.0,0.0,1.0161468982696533,0.009092726744711399
461193695624775424,TESS,QLP,0.0,58800.55684037879,0.0,0.0,1.017549991607666,0.009092726744711399
461193695624775424,TESS,QLP,0.0,58800.57767395815,0.0,0.0,1.0171970129013062,0.009092726744711399
461193695624775424,TESS,QLP,0.0,58800.59850753704,0.0,0.0,1.0118796825408936,0.009092726744711399
461193695624775424,TESS,QLP,0.0,58800.61934111593,0.0,0.0,1.0036994218826294,0.009092726744711399
461193695624775424,TESS,QLP,0.0,58800.64017469436,0.0,0.0,0.9988666772842407,0.009092726744711399
461193695624775424,TESS,QLP,0.0,58800.661008272786,0.0,0.0,0.9955373406410217,0.009092726744711399
461193695624775424,TESS,QLP,0.0,58800.68184185075,0.0,0.0,0.9940553903579712,0.009092726744711399
461193695624775424,TESS,QLP,0.0,58800.70267542917,0.0,0.0,0.9936765432357788,0.009092726744711399
461193695624775424,TESS,QLP,0.0,58800.72350900713,0.0,0.0,0.9908570051193237,0.009092726744711399
461193695624775424,TESS,QLP,0.0,58800.74434258463,0.0,0.0,0.9902105331420898,0.009092726744711399
461193695624775424,TESS,QLP,0.0,58800.76517616259,0.0,0.0,0.9937332272529602,0.009092726744711399
461193695624775424,TESS,QLP,0.0,58800.786009740084,0.0,0.0,0.9970994591712952,0.009092726744711399
461193695624775424,TESS,QLP,0.0,58800.80684331758,0.0,0.0,1.0030455589294434,0.009092726744711399
461193695624775424,TESS,QLP,0.0,58800.827676895075,0.0,0.0,1.001639485359192,0.009092726744711399
461193695624775424,TESS,QLP,0.0,58800.84851047257,0.0,0.0,0.9972983002662659,0.009092726744711399
461193695624775424,TESS,QLP,0.0,58800.869344050065,0.0,0.0,0.995177149772644,0.009092726744711399
461193695624775424,TESS,QLP,0.0,58800.89017762756,0.0,0.0,0.9982176423072815,0.009092726744711399
461193695624775424,TESS,QLP,0.0,58800.911011205055,0.0,0.0,1.0036650896072388,0.009092726744711399
461193695624775424,TESS,QLP,0.0,58800.93184478255,0.0,0.0,1.009446382522583,0.009092726744711399
461193695624775424,TESS,QLP,0.0,58800.95267836051,0.0,0.0,1.011828064918518,0.009092726744711399
461193695624775424,TESS,QLP,0.0,58800.973511938006,0.0,0.0,1.0091280937194824,0.009092726744711399
461193695624775424,TESS,QLP,0.0,58800.99434551597,0.0,0.0,1.009446382522583,0.009092726744711399
461193695624775424,TESS,QLP,0.0,58801.01517909439,0.0,0.0,1.0079419612884521,0.009092726744711399
461193695624775424,TESS,QLP,0.0,58801.03601267235,0.0,0.0,1.008271336555481,0.009092726744711399
461193695624775424,TESS,QLP,0.0,58801.05684625078,0.0,0.0,1.0050616264343262,0.009092726744711399
461193695624775424,TESS,QLP,0.0,58801.07767982967,0.0,0.0,1.0010854005813599,0.009092726744711399
461193695624775424,TESS,QLP,0.0,58801.09851340903,0.0,0.0,0.9960079193115234,0.009092726744711399
461193695624775424,TESS,QLP,0.0,58801.11934698839,0.0,0.0,0.9917964935302734,0.009092726744711399
461193695624775424,TESS,QLP,0.0,58801.14018056821,0.0,0.0,0.9886227250099182,0.009092726744711399
461193695624775424,TESS,QLP,0.0,58801.161014148034,0.0,0.0,0.986312985420227,0.009092726744711399
461193695624775424,TESS,QLP,0.0,58801.18184772879,0.0,0.0,0.9869794249534607,0.009092726744711399
461193695624775424,TESS,QLP,0.0,58801.20268131001,0.0,0.0,0.9907638430595398,0.009092726744711399
461193695624775424,TESS,QLP,0.0,58801.223514891695,0.0,0.0,0.9932236075401306,0.009092726744711399
461193695624775424,TESS,QLP,0.0,58801.24434847431,0.0,0.0,0.9956720471382141,0.009092726744711399
461193695624775424,TESS,QLP,0.0,58801.265182057396,0.0,0.0,1.0010844469070435,0.009092726744711399
461193695624775424,TESS,QLP,0.0,58801.286015640944,0.0,0.0,1.0102579593658447,0.009092726744711399
461193695624775424,TESS,QLP,0.0,58801.306849225424,0.0,0.0,1.013002872467041,0.009092726744711399
461193695624775424,TESS,QLP,0.0,58801.327682810836,0.0,0.0,1.0140800476074219,0.009092726744711399
461193695624775424,TESS,QLP,0.0,58801.34851639718,0.0,0.0,1.0146806240081787,0.009092726744711399
461193695624775424,TESS,QLP,0.0,58801.36934998445,0.0,0.0,1.0151691436767578,0.009092726744711399
461193695624775424,TESS,QLP,0.0,58801.39018357312,0.0,0.0,1.0054659843444824,0.009092726744711399
461193695624775424,TESS,QLP,0.0,58801.41101716226,0.0,0.0,1.001530408859253,0.009092726744711399
461193695624775424,TESS,QLP,0.0,58801.43185075326,0.0,0.0,0.9977267384529114,0.009092726744711399
461193695624775424,TESS,QLP,0.0,58801.45268434519,0.0,0.0,0.9945654273033142,0.009092726744711399
461193695624775424,TESS,QLP,0.0,58801.47351793852,0.0,0.0,0.9904332160949707,0.009092726744711399
461193695624775424,TESS,QLP,0.0,58801.49435153324,0.0,0.0,0.9921833872795105,0.009092726744711399
461193695624775424,TESS,QLP,0.0,58801.515185130294,0.0,0.0,0.9945400953292847,0.009092726744711399
461193695624775424,TESS,QLP,0.0,58801.53601872828,0.0,0.0,0.9960017800331116,0.009092726744711399
461193695624775424,TESS,QLP,0.0,58803.390212956816,0.0,0.0,1.0048524141311646,0.009092726744711399
461193695624775424,TESS,QLP,0.0,58803.411046536174,0.0,0.0,1.0017750263214111,0.009092726744711399
461193695624775424,TESS,QLP,0.0,58803.431880114134,0.0,0.0,1.0018929243087769,0.009092726744711399
461193695624775424,TESS,QLP,0.0,58803.45271369023,0.0,0.0,1.0024747848510742,0.009092726744711399
461193695624775424,TESS,QLP,0.0,58803.47354726447,0.0,0.0,1.0014934539794922,0.009092726744711399
461193695624775424,TESS,QLP,0.0,58803.49438083777,0.0,0.0,0.9959422945976257,0.009092726744711399
461193695624775424,TESS,QLP,0.0,58803.51521440921,0.0,0.0,0.9904975891113281,0.009092726744711399
461193695624775424,TESS,QLP,0.0,58803.53604797926,0.0,0.0,0.9870877861976624,0.009092726744711399
461193695624775424,TESS,QLP,0.0,58803.556881547906,0.0,0.0,0.9867479801177979,0.009092726744711399
461193695624775424,TESS,QLP,0.0,58803.577715115156,0.0,0.0,0.9880784153938293,0.009092726744711399
461193695624775424,TESS,QLP,0.0,58803.59854868101,0.0,0.0,0.9894063472747803,0.009092726744711399
461193695624775424,TESS,QLP,0.0,58803.619382245,0.0,0.0,0.9923080205917358,0.009092726744711399
461193695624775424,TESS,QLP,0.0,58803.64021580806,0.0,0.0,0.994915783405304,0.009092726744711399
461193695624775424,TESS,QLP,0.0,58803.66104936972,0.0,0.0,1.0008814334869385,0.009092726744711399
461193695624775424,TESS,QLP,0.0,58803.68188292999,0.0,0.0,1.0053211450576782,0.009092726744711399
461193695624775424,TESS,QLP,0.0,58803.70271648839,0.0,0.0,1.0097124576568604,0.009092726744711399
461193695624775424,TESS,QLP,0.0,58803.72355004586,0.0,0.0,1.0133267641067505,0.009092726744711399
461193695624775424,TESS,QLP,0.0,58803.7443836024,0.0,0.0,1.0154107809066772,0.009092726744711399
461193695624775424,TESS,QLP,0.0,58803.76521715708,0.0,0.0,1.0150246620178223,0.009092726744711399
461193695624775424,TESS,QLP,0.0,58803.78605071083,0.0,0.0,1.0124708414077759,0.009092726744711399
461193695624775424,TESS,QLP,0.0,58803.80688426271,0.0,0.0,1.0106432437896729,0.009092726744711399
461193695624775424,TESS,QLP,0.0,58803.82771781366,0.0,0.0,1.008636236190796,0.009092726744711399
461193695624775424,TESS,QLP,0.0,58803.848551363684,0.0,0.0,1.00666344165802,0.009092726744711399
461193695624775424,TESS,QLP,0.0,58803.86938491184,0.0,0.0,1.0027002096176147,0.009092726744711399
461193695624775424,TESS,QLP,0.0,58803.89021845907,0.0,0.0,0.998406171798706,0.009092726744711399
461193695624775424,TESS,QLP,0.0,58803.911052005365,0.0,0.0,0.9927064180374146,0.009092726744711399
461193695624775424,TESS,QLP,0.0,58803.9318855498,0.0,0.0,0.9880324006080627,0.009092726744711399
461193695624775424,TESS,QLP,0.0,58803.952719093766,0.0,0.0,0.9842402338981628,0.009092726744711399
461193695624775424,TESS,QLP,0.0,58803.97355263587,0.0,0.0,0.9829685091972351,0.009092726744711399
461193695624775424,TESS,QLP,0.0,58803.994386177044,0.0,0.0,0.9844399690628052,0.009092726744711399
461193695624775424,TESS,QLP,0.0,58804.01521971682,0.0,0.0,0.9856547713279724,0.009092726744711399
461193695624775424,TESS,QLP,0.0,58804.036053255666,0.0,0.0,0.9890691637992859,0.009092726744711399
461193695624775424,TESS,QLP,0.0,58804.05688679358,0.0,0.0,0.9945296049118042,0.009092726744711399
461193695624775424,TESS,QLP,0.0,58804.0777203301,0.0,0.0,0.9990184903144836,0.009092726744711399
461193695624775424,TESS,QLP,0.0,58804.09855386522,0.0,0.0,1.004096269607544,0.009092726744711399
461193695624775424,TESS,QLP,0.0,58804.119387399405,0.0,0.0,1.0074728727340698,0.009092726744711399
461193695624775424,TESS,QLP,0.0,58804.14022093266,0.0,0.0,1.009467601776123,0.009092726744711399
461193695624775424,TESS,QLP,0.0,58804.16105446452,0.0,0.0,1.0108624696731567,0.009092726744711399
461193695624775424,TESS,QLP,0.0,58804.18188799545,0.0,0.0,1.0115134716033936,0.009092726744711399
461193695624775424,TESS,QLP,0.0,58804.202721524984,0.0,0.0,1.0118049383163452,0.009092726744711399
461193695624775424,TESS,QLP,0.0,58804.223555053584,0.0,0.0,1.009983777999878,0.009092726744711399
461193695624775424,TESS,QLP,0.0,58804.24438858125,0.0,0.0,1.0078295469284058,0.009092726744711399
461193695624775424,TESS,QLP,0.0,58804.265222107526,0.0,0.0,1.005248785018921,0.009092726744711399
461193695624775424,TESS,QLP,0.0,58804.28605563287,0.0,0.0,1.0020134449005127,0.009092726744711399
461193695624775424,TESS,QLP,0.0,58804.30688915728,0.0,0.0,0.9985499978065491,0.009092726744711399
461193695624775424,TESS,QLP,0.0,58804.32772268029,0.0,0.0,0.9958600401878357,0.009092726744711399
461193695624775424,TESS,QLP,0.0,58804.34855620237,0.0,0.0,0.9909327030181885,0.009092726744711399
461193695624775424,TESS,QLP,0.0,58804.36938972352,0.0,0.0,0.9855647087097168,0.009092726744711399
461193695624775424,TESS,QLP,0.0,58804.39022324374,0.0,0.0,0.9848455786705017,0.009092726744711399
461193695624775424,TESS,QLP,0.0,58804.41105676256,0.0,0.0,0.9870114922523499,0.009092726744711399
461193695624775424,TESS,QLP,0.0,58804.43189028092,0.0,0.0,0.9922731518745422,0.009092726744711399
461193695624775424,TESS,QLP,0.0,58804.45272379788,0.0,0.0,0.9976452589035034,0.009092726744711399
461193695624775424,TESS,QLP,0.0,58804.47355731344,0.0,0.0,1.0023021697998047,0.009092726744711399
461193695624775424,TESS,QLP,0.0,58804.494390828535,0.0,0.0,1.0052868127822876,0.009092726744711399
461193695624775424,TESS,QLP,0.0,58804.515224342234,0.0,0.0,1.0071879625320435,0.009092726744711399
461193695624775424,TESS,QLP,0.0,58804.53605785547,0.0,0.0,1.007755160331726,0.009092726744711399
461193695624775424,TESS,QLP,0.0,58804.556891367305,0.0,0.0,1.006674885749817,0.009092726744711399
461193695624775424,TESS,QLP,0.0,58804.57772487821,0.0,0.0,1.0044482946395874,0.009092726744711399
461193695624775424,TESS,QLP,0.0,58804.598558388185,0.0,0.0,1.0058503150939941,0.009092726744711399
461193695624775424,TESS,QLP,0.0,58804.61939189676,0.0,0.0,1.0045100450515747,0.009092726744711399
461193695624775424,TESS,QLP,0.0,58804.64022540487,0.0,0.0,1.002740740776062,0.009092726744711399
461193695624775424,TESS,QLP,0.0,58804.66105891159,0.0,0.0,1.000388264656067,0.009092726744711399
461193695624775424,TESS,QLP,0.0,58804.68189241784,0.0,0.0,0.999414324760437,0.009092726744711399
461193695624775424,TESS,QLP,0.0,58804.70272592269,0.0,0.0,0.9987403154373169,0.009092726744711399
461193695624775424,TESS,QLP,0.0,58804.72355942661,0.0,0.0,0.9963036775588989,0.009092726744711399
461193695624775424,TESS,QLP,0.0,58804.744392930064,0.0,0.0,0.9941365718841553,0.009092726744711399
461193695624775424,TESS,QLP,0.0,58804.76522643212,0.0,0.0,0.9937323927879333,0.009092726744711399
461193695624775424,TESS,QLP,0.0,58804.78605993325,0.0,0.0,0.9935072064399719,0.009092726744711399
461193695624775424,TESS,QLP,0.0,58804.806893433444,0.0,0.0,0.9958154559135437,0.009092726744711399
461193695624775424,TESS,QLP,0.0,58804.82772693271,0.0,0.0,0.996971607208252,0.009092726744711399
461193695624775424,TESS,QLP,0.0,58804.84856043104,0.0,0.0,1.0005429983139038,0.009092726744711399
461193695624775424,TESS,QLP,0.0,58804.86939392844,0.0,0.0,1.0036492347717285,0.009092726744711399
461193695624775424,TESS,QLP,0.0,58804.89022742491,0.0,0.0,1.0043811798095703,0.009092726744711399
461193695624775424,TESS,QLP,0.0,58804.91106092045,0.0,0.0,1.0042674541473389,0.009092726744711399
461193695624775424,TESS,QLP,0.0,58804.93189441506,0.0,0.0,1.0040327310562134,0.009092726744711399
461193695624775424,TESS,QLP,0.0,58804.952727908734,0.0,0.0,1.004468560218811,0.009092726744711399
461193695624775424,TESS,QLP,0.0,58804.97356140148,0.0,0.0,1.0026191473007202,0.009092726744711399
461193695624775424,TESS,QLP,0.0,58804.99439489329,0.0,0.0,1.0001624822616577,0.009092726744711399
461193695624775424,TESS,QLP,0.0,58805.015228384174,0.0,0.0,0.9965285658836365,0.009092726744711399
461193695624775424,TESS,QLP,0.0,58805.036061874125,0.0,0.0,0.9959720373153687,0.009092726744711399
461193695624775424,TESS,QLP,0.0,58805.056895363145,0.0,0.0,0.9956956505775452,0.009092726744711399
461193695624775424,TESS,QLP,0.0,58805.0777288517,0.0,0.0,0.9972938895225525,0.009092726744711399
461193695624775424,TESS,QLP,0.0,58805.098562338855,0.0,0.0,0.9971914291381836,0.009092726744711399
461193695624775424,TESS,QLP,0.0,58805.119395825546,0.0,0.0,0.9973035454750061,0.009092726744711399
461193695624775424,TESS,QLP,0.0,58805.14022931084,0.0,0.0,0.9973123073577881,0.009092726744711399
461193695624775424,TESS,QLP,0.0,58805.16106279567,0.0,0.0,0.9963552951812744,0.009092726744711399
461193695624775424,TESS,QLP,0.0,58805.1818962791,0.0,0.0,0.9981465935707092,0.009092726744711399
461193695624775424,TESS,QLP,0.0,58805.202729762066,0.0,0.0,1.001130223274231,0.009092726744711399
461193695624775424,TESS,QLP,0.0,58805.2235632441,0.0,0.0,1.0049954652786255,0.009092726744711399
461193695624775424,TESS,QLP,0.0,58805.244396725204,0.0,0.0,1.0078303813934326,0.009092726744711399
461193695624775424,TESS,QLP,0.0,58805.265230205376,0.0,0.0,1.0086424350738525,0.009092726744711399
461193695624775424,TESS,QLP,0.0,58805.28606368508,0.0,0.0,1.0075418949127197,0.009092726744711399
461193695624775424,TESS,QLP,0.0,58805.30689716339,0.0,0.0,1.0054210424423218,0.009092726744711399
461193695624775424,TESS,QLP,0.0,58805.32773064077,0.0,0.0,1.0022802352905273,0.009092726744711399
461193695624775424,TESS,QLP,0.0,58805.34856411768,0.0,0.0,0.9993414282798767,0.009092726744711399
461193695624775424,TESS,QLP,0.0,58805.36939759366,0.0,0.0,0.9960883855819702,0.009092726744711399
461193695624775424,TESS,QLP,0.0,58805.39023106871,0.0,0.0,0.9925268292427063,0.009092726744711399
461193695624775424,TESS,QLP,0.0,58805.41106454283,0.0,0.0,0.9911320209503174,0.009092726744711399
461193695624775424,TESS,QLP,0.0,58805.43189801602,0.0,0.0,0.9892785549163818,0.009092726744711399
461193695624775424,TESS,QLP,0.0,58805.45273148874,0.0,0.0,0.9900922179222107,0.009092726744711399
461193695624775424,TESS,QLP,0.0,58805.47356496053,0.0,0.0,0.9940929412841797,0.009092726744711399
461193695624775424,TESS,QLP,0.0,58805.49439843092,0.0,0.0,0.9953004121780396,0.009092726744711399
461193695624775424,TESS,QLP,0.0,58805.51523190085,0.0,0.0,0.9972185492515564,0.009092726744711399
461193695624775424,TESS,QLP,0.0,58805.53606537031,0.0,0.0,0.9994590878486633,0.009092726744711399
461193695624775424,TESS,QLP,0.0,58805.556898838375,0.0,0.0,1.001895546913147,0.009092726744711399
461193695624775424,TESS,QLP,0.0,58805.577732305974,0.0,0.0,1.0057495832443237,0.009092726744711399
461193695624775424,TESS,QLP,0.0,58805.598565772176,0.0,0.0,1.0090208053588867,0.009092726744711399
461193695624775424,TESS,QLP,0.0,58805.61939923791,0.0,0.0,1.0098870992660522,0.009092726744711399
461193695624775424,TESS,QLP,0.0,58805.64023270318,0.0,0.0,1.0113420486450195,0.009092726744711399
461193695624775424,TESS,QLP,0.0,58805.66106616706,0.0,0.0,1.011466383934021,0.009092726744711399
461193695624775424,TESS,QLP,0.0,58805.681899630465,0.0,0.0,1.0102481842041016,0.009092726744711399
461193695624775424,TESS,QLP,0.0,58805.70273309294,0.0,0.0,1.0087125301361084,0.009092726744711399
461193695624775424,TESS,QLP,0.0,58805.72356655449,0.0,0.0,1.0036572217941284,0.009092726744711399
461193695624775424,TESS,QLP,0.0,58805.7444000151,0.0,0.0,0.9993554949760437,0.009092726744711399
461193695624775424,TESS,QLP,0.0,58805.76523347525,0.0,0.0,0.996133029460907,0.009092726744711399
461193695624775424,TESS,QLP,0.0,58805.786066934,0.0,0.0,0.9953694939613342,0.009092726744711399
461193695624775424,TESS,QLP,0.0,58805.80690039229,0.0,0.0,0.9962266683578491,0.009092726744711399
461193695624775424,TESS,QLP,0.0,58805.82773385011,0.0,0.0,0.9949088096618652,0.009092726744711399
461193695624775424,TESS,QLP,0.0,58805.84856730653,0.0,0.0,0.9935464859008789,0.009092726744711399
461193695624775424,TESS,QLP,0.0,58805.86940076249,0.0,0.0,0.9898557066917419,0.009092726744711399
461193695624775424,TESS,QLP,0.0,58805.89023421751,0.0,0.0,0.9868060350418091,0.009092726744711399
461193695624775424,TESS,QLP,0.0,58805.911067672074,0.0,0.0,0.9839368462562561,0.009092726744711399
461193695624775424,TESS,QLP,0.0,58805.93190112524,0.0,0.0,0.9857015013694763,0.009092726744711399
461193695624775424,TESS,QLP,0.0,58805.952734577935,0.0,0.0,0.9864662885665894,0.009092726744711399
461193695624775424,TESS,QLP,0.0,58805.9735680297,0.0,0.0,0.98871910572052,0.009092726744711399
461193695624775424,TESS,QLP,0.0,58805.994401481,0.0,0.0,0.9927404522895813,0.009092726744711399
461193695624775424,TESS,QLP,0.0,58806.01523493091,0.0,0.0,1.0030895471572876,0.009092726744711399
461193695624775424,TESS,QLP,0.0,58806.036068380345,0.0,0.0,1.0136204957962036,0.009092726744711399
461193695624775424,TESS,QLP,0.0,58806.05690182885,0.0,0.0,1.01919686794281,0.009092726744711399
461193695624775424,TESS,QLP,0.0,58806.07773527689,0.0,0.0,1.0210165977478027,0.009092726744711399
461193695624775424,TESS,QLP,0.0,58806.098568724,0.0,0.0,1.0194170475006104,0.009092726744711399
461193695624775424,TESS,QLP,0.0,58806.22356938943,0.0,0.0,0.9945523142814636,0.009092726744711399
461193695624775424,TESS,QLP,0.0,58806.244402830955,0.0,0.0,0.9923821091651917,0.009092726744711399
461193695624775424,TESS,QLP,0.0,58806.26523627201,0.0,0.0,0.9924187064170837,0.009092726744711399
461193695624775424,TESS,QLP,0.0,58806.28606971167,0.0,0.0,0.9918757677078247,0.009092726744711399
461193695624775424,TESS,QLP,0.0,58806.306903150864,0.0,0.0,0.9923315644264221,0.009092726744711399
461193695624775424,TESS,QLP,0.0,58806.32773658959,0.0,0.0,0.9950477480888367,0.009092726744711399
461193695624775424,TESS,QLP,0.0,58806.34857002692,0.0,0.0,0.9958224296569824,0.009092726744711399
461193695624775424,TESS,QLP,0.0,58806.36940346379,0.0,0.0,0.9980554580688477,0.009092726744711399
461193695624775424,TESS,QLP,0.0,58806.39023690019,0.0,0.0,0.9970425367355347,0.009092726744711399
461193695624775424,TESS,QLP,0.0,58806.41107033519,0.0,0.0,0.996526837348938,0.009092726744711399
461193695624775424,TESS,QLP,0.0,58806.43190376973,0.0,0.0,0.9954831600189209,0.009092726744711399
461193695624775424,TESS,QLP,0.0,58806.4527372038,0.0,0.0,0.998449981212616,0.009092726744711399
461193695624775424,TESS,QLP,0.0,58806.47357063647,0.0,0.0,1.0018128156661987,0.009092726744711399
461193695624775424,TESS,QLP,0.0,58806.49440406868,0.0,0.0,1.0028340816497803,0.009092726744711399
461193695624775424,TESS,QLP,0.0,58806.515237500425,0.0,0.0,1.005173683166504,0.009092726744711399
461193695624775424,TESS,QLP,0.0,58806.53607093077,0.0,0.0,1.0064654350280762,0.009092726744711399
461193695624775424,TESS,QLP,0.0,58806.55690436112,0.0,0.0,1.0063796043395996,0.009092726744711399
461193695624775424,TESS,QLP,0.0,58806.57773779007,0.0,0.0,1.0065661668777466,0.009092726744711399
461193695624775424,TESS,QLP,0.0,58806.59857121855,0.0,0.0,1.0061100721359253,0.009092726744711399
461193695624775424,TESS,QLP,0.0,58806.6194046461,0.0,0.0,1.0041694641113281,0.009092726744711399
461193695624775424,TESS,QLP,0.0,58806.64023807319,0.0,0.0,1.0020503997802734,0.009092726744711399
461193695624775424,TESS,QLP,0.0,58806.661071499344,0.0,0.0,1.000198483467102,0.009092726744711399
461193695624775424,TESS,QLP,0.0,58806.68190492457,0.0,0.0,0.9971625208854675,0.009092726744711399
461193695624775424,TESS,QLP,0.0,58806.70273834886,0.0,0.0,0.994560182094574,0.009092726744711399
461193695624775424,TESS,QLP,0.0,58806.72357177269,0.0,0.0,0.9915865659713745,0.009092726744711399
461193695624775424,TESS,QLP,0.0,58806.74440519605,0.0,0.0,0.9902400970458984,0.009092726744711399
461193695624775424,TESS,QLP,0.0,58806.76523861848,0.0,0.0,0.9911224842071533,0.009092726744711399
461193695624775424,TESS,QLP,0.0,58806.78607203998,0.0,0.0,0.9940981864929199,0.009092726744711399
461193695624775424,TESS,QLP,0.0,58806.806905460544,0.0,0.0,0.9980002045631409,0.009092726744711399
461193695624775424,TESS,QLP,0.0,58806.827738880645,0.0,0.0,1.001789927482605,0.009092726744711399
461193695624775424,TESS,QLP,0.0,58806.84857230028,0.0,0.0,1.004888653755188,0.009092726744711399
461193695624775424,TESS,QLP,0.0,58806.86940571852,0.0,0.0,1.006980061531067,0.009092726744711399
461193695624775424,TESS,QLP,0.0,58806.89023913676,0.0,0.0,1.006263017654419,0.009092726744711399
461193695624775424,TESS,QLP,0.0,58806.9110725536,0.0,0.0,1.0058891773223877,0.009092726744711399
461193695624775424,TESS,QLP,0.0,58806.93190596998,0.0,0.0,1.0044455528259277,0.009092726744711399
461193695624775424,TESS,QLP,0.0,58806.95273938542,0.0,0.0,1.000331163406372,0.009092726744711399
461193695624775424,TESS,QLP,0.0,58806.9735728004,0.0,0.0,0.99501633644104,0.009092726744711399
461193695624775424,TESS,QLP,0.0,58806.99440621445,0.0,0.0,0.9928825497627258,0.009092726744711399
461193695624775424,TESS,QLP,0.0,58807.01523962803,0.0,0.0,0.9944378733634949,0.009092726744711399
461193695624775424,TESS,QLP,0.0,58807.03607304068,0.0,0.0,0.9963964223861694,0.009092726744711399
461193695624775424,TESS,QLP,0.0,58807.0569064524,0.0,0.0,0.9972877502441406,0.009092726744711399
461193695624775424,TESS,QLP,0.0,58807.07773986366,0.0,0.0,0.9996750354766846,0.009092726744711399
461193695624775424,TESS,QLP,0.0,58807.09857327398,0.0,0.0,1.0005983114242554,0.009092726744711399
461193695624775424,TESS,QLP,0.0,58807.119406683836,0.0,0.0,1.0012797117233276,0.009092726744711399
461193695624775424,TESS,QLP,0.0,58807.14024009276,0.0,0.0,1.0025337934494019,0.009092726744711399
461193695624775424,TESS,QLP,0.0,58807.161073500756,0.0,0.0,1.0023136138916016,0.009092726744711399
461193695624775424,TESS,QLP,0.0,58807.181906908285,0.0,0.0,1.002353310585022,0.009092726744711399
461193695624775424,TESS,QLP,0.0,58807.20274031488,0.0,0.0,1.0053794384002686,0.009092726744711399
461193695624775424,TESS,QLP,0.0,58807.223573721014,0.0,0.0,1.0070375204086304,0.009092726744711399
461193695624775424,TESS,QLP,0.0,58807.244407126214,0.0,0.0,1.0071543455123901,0.009092726744711399
461193695624775424,TESS,QLP,0.0,58807.26524053048,0.0,0.0,1.0055923461914062,0.009092726744711399
461193695624775424,TESS,QLP,0.0,58807.28607393429,0.0,0.0,1.004934549331665,0.009092726744711399
461193695624775424,TESS,QLP,0.0,58807.306907337625,0.0,0.0,1.0043009519577026,0.009092726744711399
461193695624775424,TESS,QLP,0.0,58807.32774074003,0.0,0.0,1.0028049945831299,0.009092726744711399
461193695624775424,TESS,QLP,0.0,58807.348574141506,0.0,0.0,0.9999315142631531,0.009092726744711399
461193695624775424,TESS,QLP,0.0,58807.369407542516,0.0,0.0,0.9953336119651794,0.009092726744711399
461193695624775424,TESS,QLP,0.0,58807.390240942594,0.0,0.0,0.9916248917579651,0.009092726744711399
461193695624775424,TESS,QLP,0.0,58807.41107434174,0.0,0.0,0.9884152412414551,0.009092726744711399
461193695624775424,TESS,QLP,0.0,58807.43190774042,0.0,0.0,0.9862176775932312,0.009092726744711399
461193695624775424,TESS,QLP,0.0,58807.45274113864,0.0,0.0,0.982863187789917,0.009092726744711399
461193695624775424,TESS,QLP,0.0,58807.47357453592,0.0,0.0,0.9827396869659424,0.009092726744711399
461193695624775424,TESS,QLP,0.0,58807.51524132816,0.0,0.0,0.9881651997566223,0.009092726744711399
461193695624775424,TESS,QLP,0.0,58807.53607472312,0.0,0.0,0.9927238821983337,0.009092726744711399
461193695624775424,TESS,QLP,0.0,58807.55690811761,0.0,0.0,0.9977241158485413,0.009092726744711399
461193695624775424,TESS,QLP,0.0,58807.577741511166,0.0,0.0,1.0025601387023926,0.009092726744711399
461193695624775424,TESS,QLP,0.0,58807.59857490426,0.0,0.0,1.008528232574463,0.009092726744711399
461193695624775424,TESS,QLP,0.0,58807.61940829642,0.0,0.0,1.015892505645752,0.009092726744711399
461193695624775424,TESS,QLP,0.0,58807.64024168765,0.0,0.0,1.0185452699661255,0.009092726744711399
461193695624775424,TESS,QLP,0.0,58807.66107507842,0.0,0.0,1.0184576511383057,0.009092726744711399
461193695624775424,TESS,QLP,0.0,58807.681908468716,0.0,0.0,1.01531183719635,0.009092726744711399
461193695624775424,TESS,QLP,0.0,58807.702741858084,0.0,0.0,1.0126594305038452,0.009092726744711399
461193695624775424,TESS,QLP,0.0,58807.72357524652,0.0,0.0,1.008935809135437,0.009092726744711399
461193695624775424,TESS,QLP,0.0,58807.76524202153,0.0,0.0,1.0034297704696655,0.009092726744711399
461193695624775424,TESS,QLP,0.0,58807.786075408105,0.0,0.0,0.9994643330574036,0.009092726744711399
461193695624775424,TESS,QLP,0.0,58807.80690879375,0.0,0.0,0.9941994547843933,0.009092726744711399
461193695624775424,TESS,QLP,0.0,58807.827742178924,0.0,0.0,0.9889510273933411,0.009092726744711399
461193695624775424,TESS,QLP,0.0,58807.84857556317,0.0,0.0,0.9878328442573547,0.009092726744711399
461193695624775424,TESS,QLP,0.0,58807.86940894695,0.0,0.0,0.9875595569610596,0.009092726744711399
461193695624775424,TESS,QLP,0.0,58807.8902423298,0.0,0.0,0.9877026677131653,0.009092726744711399
461193695624775424,TESS,QLP,0.0,58807.91107571218,0.0,0.0,0.9893141984939575,0.009092726744711399
461193695624775424,TESS,QLP,0.0,58807.93190909363,0.0,0.0,0.9902653098106384,0.009092726744711399
461193695624775424,TESS,QLP,0.0,58807.95274247415,0.0,0.0,0.9920674562454224,0.009092726744711399
461193695624775424,TESS,QLP,0.0,58807.97357585421,0.0,0.0,0.993522047996521,0.009092726744711399
461193695624775424,TESS,QLP,0.0,58807.9944092338,0.0,0.0,0.9971791505813599,0.009092726744711399
461193695624775424,TESS,QLP,0.0,58808.015242612455,0.0,0.0,1.002892255783081,0.009092726744711399
461193695624775424,TESS,QLP,0.0,58808.05690936744,0.0,0.0,1.0099200010299683,0.009092726744711399
461193695624775424,TESS,QLP,0.0,58808.07774274424,0.0,0.0,1.0125846862792969,0.009092726744711399
461193695624775424,TESS,QLP,0.0,58808.098576119635,0.0,0.0,1.011601448059082,0.009092726744711399
461193695624775424,TESS,QLP,0.0,58808.11940949503,0.0,0.0,1.0100725889205933,0.009092726744711399
461193695624775424,TESS,QLP,0.0,58808.1402428695,0.0,0.0,1.0065511465072632,0.009092726744711399
461193695624775424,TESS,QLP,0.0,58808.161076243035,0.0,0.0,1.00327467918396,0.009092726744711399
461193695624775424,TESS,QLP,0.0,58808.181909616105,0.0,0.0,1.0005042552947998,0.009092726744711399
461193695624775424,TESS,QLP,0.0,58808.20274298871,0.0,0.0,0.9967325329780579,0.009092726744711399
461193695624775424,TESS,QLP,0.0,58808.22357635992,0.0,0.0,0.9928485751152039,0.009092726744711399
461193695624775424,TESS,QLP,0.0,58808.24440973112,0.0,0.0,0.9915125370025635,0.009092726744711399
461193695624775424,TESS,QLP,0.0,58808.2652431014,0.0,0.0,0.9915212392807007,0.009092726744711399
461193695624775424,TESS,QLP,0.0,58808.286076470744,0.0,0.0,0.9915691614151001,0.009092726744711399
461193695624775424,TESS,QLP,0.0,58808.30690983962,0.0,0.0,0.9910711050033569,0.009092726744711399
461193695624775424,TESS,QLP,0.0,58808.32774320757,0.0,0.0,0.99208664894104,0.009092726744711399
461193695624775424,TESS,QLP,0.0,58808.34857657505,0.0,0.0,0.9981886744499207,0.009092726744711399
461193695624775424,TESS,QLP,0.0,58808.3694099416,0.0,0.0,1.0034271478652954,0.009092726744711399
461193695624775424,TESS,QLP,0.0,58808.39024330769,0.0,0.0,1.0056312084197998,0.009092726744711399
461193695624775424,TESS,QLP,0.0,58808.41107667331,0.0,0.0,1.0095953941345215,0.009092726744711399
461193695624775424,TESS,QLP,0.0,58808.431910037994,0.0,0.0,1.0123099088668823,0.009092726744711399
461193695624775424,TESS,QLP,0.0,58808.45274340175,0.0,0.0,1.0118228197097778,0.009092726744711399
461193695624775424,TESS,QLP,0.0,58808.47357676504,0.0,0.0,1.0102730989456177,0.009092726744711399
461193695624775424,TESS,QLP,0.0,58808.4944101274,0.0,0.0,1.0057265758514404,0.009092726744711399
461193695624775424,TESS,QLP,0.0,58808.515243489295,0.0,0.0,1.0015515089035034,0.009092726744711399
461193695624775424,TESS,QLP,0.0,58808.53607685072,0.0,0.0,0.9975032806396484,0.009092726744711399
461193695624775424,TESS,QLP,0.0,58808.55691021122,0.0,0.0,0.9927875399589539,0.009092726744711399
461193695624775424,TESS,QLP,0.0,58808.577743570786,0.0,0.0,0.990688145160675,0.009092726744711399
461193695624775424,TESS,QLP,0.0,58808.598576929886,0.0,0.0,0.9896948933601379,0.009092726744711399
461193695624775424,TESS,QLP,0.0,58808.619410288054,0.0,0.0,0.991033673286438,0.009092726744711399
461193695624775424,TESS,QLP,0.0,58808.64024364576,0.0,0.0,0.9926444888114929,0.009092726744711399
461193695624775424,TESS,QLP,0.0,58808.661077002995,0.0,0.0,0.9937472343444824,0.009092726744711399
461193695624775424,TESS,QLP,0.0,58808.6819103593,0.0,0.0,0.9940711259841919,0.009092726744711399
461193695624775424,TESS,QLP,0.0,58808.70274371514,0.0,0.0,0.9945444464683533,0.009092726744711399
461193695624775424,TESS,QLP,0.0,58808.72357707005,0.0,0.0,0.9968919157981873,0.009092726744711399
461193695624775424,TESS,QLP,0.0,58808.74441042403,0.0,0.0,1.002123475074768,0.009092726744711399
461193695624775424,TESS,QLP,0.0,58808.76524377754,0.0,0.0,1.0050722360610962,0.009092726744711399
461193695624775424,TESS,QLP,0.0,58808.786077130586,0.0,0.0,1.0074763298034668,0.009092726744711399
461193695624775424,TESS,QLP,0.0,58808.8069104827,0.0,0.0,1.0091688632965088,0.009092726744711399
461193695624775424,TESS,QLP,0.0,58808.82774383435,0.0,0.0,1.009181261062622,0.009092726744711399
461193695624775424,TESS,QLP,0.0,58808.84857718507,0.0,0.0,1.0099989175796509,0.009092726744711399
461193695624775424,TESS,QLP,0.0,58808.86941053532,0.0,0.0,1.0080667734146118,0.009092726744711399
461193695624775424,TESS,QLP,0.0,58808.89024388464,0.0,0.0,1.005815863609314,0.009092726744711399
461193695624775424,TESS,QLP,0.0,58808.9110772335,0.0,0.0,1.0039392709732056,0.009092726744711399
461193695624775424,TESS,QLP,0.0,58808.93191058142,0.0,0.0,1.0019800662994385,0.009092726744711399
461193695624775424,TESS,QLP,0.0,58808.95274392888,0.0,0.0,0.9976654052734375,0.009092726744711399
461193695624775424,TESS,QLP,0.0,58808.97357727541,0.0,0.0,0.9933955073356628,0.009092726744711399
461193695624775424,TESS,QLP,0.0,58808.99441062147,0.0,0.0,0.9920047521591187,0.009092726744711399
461193695624775424,TESS,QLP,0.0,58809.015243967064,0.0,0.0,0.9919106364250183,0.009092726744711399
461193695624775424,TESS,QLP,0.0,58809.03607731173,0.0,0.0,0.9907107949256897,0.009092726744711399
461193695624775424,TESS,QLP,0.0,58809.05691065546,0.0,0.0,0.9904619455337524,0.009092726744711399
461193695624775424,TESS,QLP,0.0,58809.077743999194,0.0,0.0,0.9907630085945129,0.009092726744711399
461193695624775424,TESS,QLP,0.0,58809.09857734153,0.0,0.0,0.9906872510910034,0.009092726744711399
461193695624775424,TESS,QLP,0.0,58809.1194106834,0.0,0.0,0.9917851686477661,0.009092726744711399
461193695624775424,TESS,QLP,0.0,58809.140244024806,0.0,0.0,0.9960096478462219,0.009092726744711399
461193695624775424,TESS,QLP,0.0,58809.16107736528,0.0,0.0,1.0010669231414795,0.009092726744711399
461193695624775424,TESS,QLP,0.0,58809.18191070529,0.0,0.0,1.0045884847640991,0.009092726744711399
461193695624775424,TESS,QLP,0.0,58809.20274404436,0.0,0.0,1.0088790655136108,0.009092726744711399
461193695624775424,TESS,QLP,0.0,58809.223577382974,0.0,0.0,1.0110560655593872,0.009092726744711399
461193695624775424,TESS,QLP,0.0,58809.24441072112,0.0,0.0,1.0145370960235596,0.009092726744711399
461193695624775424,TESS,QLP,0.0,58809.26524405833,0.0,0.0,1.0157568454742432,0.009092726744711399
461193695624775424,TESS,QLP,0.0,58809.286077394616,0.0,0.0,1.0133000612258911,0.009092726744711399
461193695624775424,TESS,QLP,0.0,58809.30691073043,0.0,0.0,1.011733889579773,0.009092726744711399
461193695624775424,TESS,QLP,0.0,58809.327744065784,0.0,0.0,1.007873773574829,0.009092726744711399
461193695624775424,TESS,QLP,0.0,58809.348577400204,0.0,0.0,1.0035583972930908,0.009092726744711399
461193695624775424,TESS,QLP,0.0,58809.36941073416,0.0,0.0,0.9980659484863281,0.009092726744711399
461193695624775424,TESS,QLP,0.0,58809.39024406718,0.0,0.0,0.9932724833488464,0.009092726744711399
461193695624775424,TESS,QLP,0.0,58809.41107739974,0.0,0.0,0.9894871711730957,0.009092726744711399
461193695624775424,TESS,QLP,0.0,58809.431910731364,0.0,0.0,0.9872559905052185,0.009092726744711399
461193695624775424,TESS,QLP,0.0,58809.452744062524,0.0,0.0,0.9862480163574219,0.009092726744711399
461193695624775424,TESS,QLP,0.0,58809.47357739322,0.0,0.0,0.9858487248420715,0.009092726744711399
461193695624775424,TESS,QLP,0.0,58809.49441072298,0.0,0.0,0.9881461262702942,0.009092726744711399
461193695624775424,TESS,QLP,0.0,58809.515244051814,0.0,0.0,0.9911520481109619,0.009092726744711399
461193695624775424,TESS,QLP,0.0,58809.53607738018,0.0,0.0,0.995412290096283,0.009092726744711399
461193695624775424,TESS,QLP,0.0,58809.55691070808,0.0,0.0,0.9974997639656067,0.009092726744711399
461193695624775424,TESS,QLP,0.0,58809.57774403505,0.0,0.0,0.9990096688270569,0.009092726744711399
461193695624775424,TESS,QLP,0.0,58809.598577361554,0.0,0.0,1.0006704330444336,0.009092726744711399
461193695624775424,TESS,QLP,0.0,58809.61941068759,0.0,0.0,1.003301978111267,0.009092726744711399
461193695624775424,TESS,QLP,0.0,58809.6402440127,0.0,0.0,1.0066978931427002,0.009092726744711399
461193695624775424,TESS,QLP,0.0,58809.661077336874,0.0,0.0,1.0084962844848633,0.009092726744711399
461193695624775424,TESS,QLP,0.0,58809.68191066058,0.0,0.0,1.009355068206787,0.009092726744711399
461193695624775424,TESS,QLP,0.0,58809.70274398383,0.0,0.0,1.0088471174240112,0.009092726744711399
461193695624775424,TESS,QLP,0.0,58809.72357730614,0.0,0.0,1.008797526359558,0.009092726744711399
461193695624775424,TESS,QLP,0.0,58809.74441062799,0.0,0.0,1.0059881210327148,0.009092726744711399
461193695624775424,TESS,QLP,0.0,58809.7652439489,0.0,0.0,1.0040777921676636,0.009092726744711399
461193695624775424,TESS,QLP,0.0,58809.78607726935,0.0,0.0,1.0015497207641602,0.009092726744711399
461193695624775424,TESS,QLP,0.0,58809.80691058934,0.0,0.0,0.9999955892562866,0.009092726744711399
461193695624775424,TESS,QLP,0.0,58809.82774390839,0.0,0.0,0.9996715188026428,0.009092726744711399
461193695624775424,TESS,QLP,0.0,58809.84857722651,0.0,0.0,0.9981571435928345,0.009092726744711399
461193695624775424,TESS,QLP,0.0,58809.869410544634,0.0,0.0,0.9953345060348511,0.009092726744711399
461193695624775424,TESS,QLP,0.0,58809.890243861824,0.0,0.0,0.9928450584411621,0.009092726744711399
461193695624775424,TESS,QLP,0.0,58809.91107717808,0.0,0.0,0.990912675857544,0.009092726744711399
461193695624775424,TESS,QLP,0.0,58809.93191049388,0.0,0.0,0.9921145439147949,0.009092726744711399
461193695624775424,TESS,QLP,0.0,58809.95274380874,0.0,0.0,0.993715763092041,0.009092726744711399
461193695624775424,TESS,QLP,0.0,58809.9735771236,0.0,0.0,0.9945523142814636,0.009092726744711399
461193695624775424,TESS,QLP,0.0,58809.994410437066,0.0,0.0,0.9965565800666809,0.009092726744711399
461193695624775424,TESS,QLP,0.0,58810.01524375053,0.0,0.0,0.9991509914398193,0.009092726744711399
461193695624775424,TESS,QLP,0.0,58810.0360770626,0.0,0.0,1.0015040636062622,0.009092726744711399
461193695624775424,TESS,QLP,0.0,58810.05691037467,0.0,0.0,1.003121256828308,0.009092726744711399
461193695624775424,TESS,QLP,0.0,58810.077743685804,0.0,0.0,1.0065909624099731,0.009092726744711399
461193695624775424,TESS,QLP,0.0,58810.098576996475,0.0,0.0,1.0084608793258667,0.009092726744711399
461193695624775424,TESS,QLP,0.0,58810.119410306215,0.0,0.0,1.0110400915145874,0.009092726744711399
461193695624775424,TESS,QLP,0.0,58810.14024361549,0.0,0.0,1.0097239017486572,0.009092726744711399
461193695624775424,TESS,QLP,0.0,58810.16107692383,0.0,0.0,1.005772590637207,0.009092726744711399
461193695624775424,TESS,QLP,0.0,58810.18191023171,0.0,0.0,1.003352165222168,0.009092726744711399
461193695624775424,TESS,QLP,0.0,58810.202743538655,0.0,0.0,0.9991422295570374,0.009092726744711399
461193695624775424,TESS,QLP,0.0,58810.2235768456,0.0,0.0,0.9940955638885498,0.009092726744711399
461193695624775424,TESS,QLP,0.0,58810.24441015115,0.0,0.0,0.9907829761505127,0.009092726744711399
461193695624775424,TESS,QLP,0.0,58810.2652434567,0.0,0.0,0.9894193410873413,0.009092726744711399
461193695624775424,TESS,QLP,0.0,58810.28607676132,0.0,0.0,0.9889466762542725,0.009092726744711399
461193695624775424,TESS,QLP,0.0,58810.306910065,0.0,0.0,0.990772545337677,0.009092726744711399
461193695624775424,TESS,QLP,0.0,58810.32774336822,0.0,0.0,0.9942448735237122,0.009092726744711399
461193695624775424,TESS,QLP,0.0,58810.34857667098,0.0,0.0,0.9976846575737,0.009092726744711399
461193695624775424,TESS,QLP,0.0,58810.3694099728,0.0,0.0,1.0011240243911743,0.009092726744711399
461193695624775424,TESS,QLP,0.0,58810.39024327416,0.0,0.0,1.0045338869094849,0.009092726744711399
461193695624775424,TESS,QLP,0.0,58810.41107657505,0.0,0.0,1.0067262649536133,0.009092726744711399
461193695624775424,TESS,QLP,0.0,58810.43190987501,0.0,0.0,1.0073180198669434,0.009092726744711399
461193695624775424,TESS,QLP,0.0,58810.45274317451,0.0,0.0,1.0078259706497192,0.009092726744711399
461193695624775424,TESS,QLP,0.0,58810.47357647307,0.0,0.0,1.0066838264465332,0.009092726744711399
461193695624775424,TESS,QLP,0.0,58810.49440977117,0.0,0.0,1.0042083263397217,0.009092726744711399
461193695624775424,TESS,QLP,0.0,58810.51524306834,0.0,0.0,1.0020672082901,0.009092726744711399
461193695624775424,TESS,QLP,0.0,58810.536076365504,0.0,0.0,1.002197504043579,0.009092726744711399
461193695624775424,TESS,QLP,0.0,58810.556909661274,0.0,0.0,1.0012648105621338,0.009092726744711399
461193695624775424,TESS,QLP,0.0,58810.577742957044,0.0,0.0,1.0002257823944092,0.009092726744711399
461193695624775424,TESS,QLP,0.0,58810.59857625188,0.0,0.0,0.9989438652992249,0.009092726744711399
461193695624775424,TESS,QLP,0.0,58810.61940954579,0.0,0.0,0.9980326294898987,0.009092726744711399
461193695624775424,TESS,QLP,0.0,58810.64024283923,0.0,0.0,0.9944387674331665,0.009092726744711399
461193695624775424,TESS,QLP,0.0,58810.66107613221,0.0,0.0,0.9909753203392029,0.009092726744711399
461193695624775424,TESS,QLP,0.0,58810.68190942472,0.0,0.0,0.9908038973808289,0.009092726744711399
461193695624775424,TESS,QLP,0.0,58810.7027427163,0.0,0.0,0.9921458959579468,0.009092726744711399
461193695624775424,TESS,QLP,0.0,58810.723576006945,0.0,0.0,0.9956554174423218,0.009092726744711399
461193695624775424,TESS,QLP,0.0,58810.74440929759,0.0,0.0,0.9978126287460327,0.009092726744711399
461193695624775424,TESS,QLP,0.0,58810.76524258731,0.0,0.0,0.9994301199913025,0.009092726744711399
461193695624775424,TESS,QLP,0.0,58810.786075876094,0.0,0.0,1.0002635717391968,0.009092726744711399
461193695624775424,TESS,QLP,0.0,58810.806909164414,0.0,0.0,1.0013492107391357,0.009092726744711399
461193695624775424,TESS,QLP,0.0,58810.82774245227,0.0,0.0,1.0029274225234985,0.009092726744711399
461193695624775424,TESS,QLP,0.0,58810.84857573919,0.0,0.0,1.0077259540557861,0.009092726744711399
461193695624775424,TESS,QLP,0.0,58810.86940902565,0.0,0.0,1.0108668804168701,0.009092726744711399
461193695624775424,TESS,QLP,0.0,58810.89024231164,0.0,0.0,1.0106831789016724,0.009092726744711399
461193695624775424,TESS,QLP,0.0,58810.9110755967,0.0,0.0,1.0069712400436401,0.009092726744711399
461193695624775424,TESS,QLP,0.0,58810.93190888129,0.0,0.0,1.0049777030944824,0.009092726744711399
461193695624775424,TESS,QLP,0.0,58810.95274216542,0.0,0.0,1.0027742385864258,0.009092726744711399
461193695624775424,TESS,QLP,0.0,58810.97357544862,0.0,0.0,0.9988429546356201,0.009092726744711399
461193695624775424,TESS,QLP,0.0,58810.99440873135,0.0,0.0,0.9960726499557495,0.009092726744711399
461193695624775424,TESS,QLP,0.0,58811.01524201315,0.0,0.0,0.9938938617706299,0.009092726744711399
461193695624775424,TESS,QLP,0.0,58811.03607529448,0.0,0.0,0.9888294339179993,0.009092726744711399
461193695624775424,TESS,QLP,0.0,58811.05690857535,0.0,0.0,0.9874572157859802,0.009092726744711399
461193695624775424,TESS,QLP,0.0,58811.07774185529,0.0,0.0,0.9893289804458618,0.009092726744711399
461193695624775424,TESS,QLP,0.0,58811.09857513476,0.0,0.0,0.9917555451393127,0.009092726744711399
461193695624775424,TESS,QLP,0.0,58811.11940841377,0.0,0.0,0.9969969987869263,0.009092726744711399
461193695624775424,TESS,QLP,0.0,58811.14024169184,0.0,0.0,1.0010862350463867,0.009092726744711399
461193695624775424,TESS,QLP,0.0,58811.16107496945,0.0,0.0,1.0043264627456665,0.009092726744711399
461193695624775424,TESS,QLP,0.0,58811.181908246595,0.0,0.0,1.0044270753860474,0.009092726744711399
461193695624775424,TESS,QLP,0.0,58811.20274152281,0.0,0.0,1.0051305294036865,0.009092726744711399
461193695624775424,TESS,QLP,0.0,58811.223574798554,0.0,0.0,1.0050748586654663,0.009092726744711399
461193695624775424,TESS,QLP,0.0,58811.244408073835,0.0,0.0,1.0047614574432373,0.009092726744711399
461193695624775424,TESS,QLP,0.0,58811.265241348185,0.0,0.0,1.0070781707763672,0.009092726744711399
461193695624775424,TESS,QLP,0.0,58811.28607462207,0.0,0.0,1.0071207284927368,0.009092726744711399
461193695624775424,TESS,QLP,0.0,58811.30690789502,0.0,0.0,1.005005121231079,0.009092726744711399
461193695624775424,TESS,QLP,0.0,58811.32774116751,0.0,0.0,1.003165364265442,0.009092726744711399
461193695624775424,TESS,QLP,0.0,58811.34857443953,0.0,0.0,1.0013799667358398,0.009092726744711399
461193695624775424,TESS,QLP,0.0,58811.369407711085,0.0,0.0,0.9982772469520569,0.009092726744711399
461193695624775424,TESS,QLP,0.0,58811.39024098171,0.0,0.0,0.9974305629730225,0.009092726744711399
461193695624775424,TESS,QLP,0.0,58811.41107425187,0.0,0.0,0.9961111545562744,0.009092726744711399
461193695624775424,TESS,QLP,0.0,58811.431907521095,0.0,0.0,0.9933640956878662,0.009092726744711399
461193695624775424,TESS,QLP,0.0,58811.45274078986,0.0,0.0,0.9913366436958313,0.009092726744711399
461193695624775424,TESS,QLP,0.0,58811.47357405815,0.0,0.0,0.9896053671836853,0.009092726744711399
461193695624775424,TESS,QLP,0.0,58811.49440732598,0.0,0.0,0.9913784265518188,0.009092726744711399
461193695624775424,TESS,QLP,0.0,58811.51524059288,0.0,0.0,0.9945802688598633,0.009092726744711399
461193695624775424,TESS,QLP,0.0,58811.536073859315,0.0,0.0,0.9972877502441406,0.009092726744711399
461193695624775424,TESS,QLP,0.0,58811.55690712482,0.0,0.0,1.0019694566726685,0.009092726744711399
461193695624775424,TESS,QLP,0.0,58811.57774039032,0.0,0.0,1.0041112899780273,0.009092726744711399
461193695624775424,TESS,QLP,0.0,58811.59857365489,0.0,0.0,1.0055596828460693,0.009092726744711399
461193695624775424,TESS,QLP,0.0,58811.61940691853,0.0,0.0,1.0063973665237427,0.009092726744711399
461193695624775424,TESS,QLP,0.0,58811.6402401817,0.0,0.0,1.0084236860275269,0.009092726744711399
461193695624775424,TESS,QLP,0.0,58811.66107344441,0.0,0.0,1.009873867034912,0.009092726744711399
461193695624775424,TESS,QLP,0.0,58811.68190670665,0.0,0.0,1.0090367794036865,0.009092726744711399
461193695624775424,TESS,QLP,0.0,58811.70273996843,0.0,0.0,1.0063884258270264,0.009092726744711399
461193695624775424,TESS,QLP,0.0,58811.723573229276,0.0,0.0,1.0039243698120117,0.009092726744711399
461193695624775424,TESS,QLP,0.0,58811.74440648919,0.0,0.0,0.999985933303833,0.009092726744711399
461193695624775424,TESS,QLP,0.0,58811.765239749104,0.0,0.0,0.9961531162261963,0.009092726744711399
461193695624775424,TESS,QLP,0.0,58811.78607300809,0.0,0.0,0.9935752749443054,0.009092726744711399
461193695624775424,TESS,QLP,0.0,58811.8069062666,0.0,0.0,0.9891039133071899,0.009092726744711399
461193695624775424,TESS,QLP,0.0,58811.827739524655,0.0,0.0,0.9870331287384033,0.009092726744711399
461193695624775424,TESS,QLP,0.0,58811.848572781775,0.0,0.0,0.9877521395683289,0.009092726744711399
461193695624775424,TESS,QLP,0.0,58811.86940603843,0.0,0.0,0.9921066761016846,0.009092726744711399
461193695624775424,TESS,QLP,0.0,58811.89023929462,0.0,0.0,0.9943540692329407,0.009092726744711399
461193695624775424,TESS,QLP,0.0,58811.911072549876,0.0,0.0,1.0001695156097412,0.009092726744711399
461193695624775424,TESS,QLP,0.0,58811.93190580467,0.0,0.0,1.0051754713058472,0.009092726744711399
461193695624775424,TESS,QLP,0.0,58811.952739058994,0.0,0.0,1.008585810661316,0.009092726744711399
461193695624775424,TESS,QLP,0.0,58811.973572312854,0.0,0.0,1.008671760559082,0.009092726744711399
461193695624775424,TESS,QLP,0.0,58812.01523881825,0.0,0.0,1.0070534944534302,0.009092726744711399
461193695624775424,TESS,QLP,0.0,58812.036072070245,0.0,0.0,1.0058070421218872,0.009092726744711399
461193695624775424,TESS,QLP,0.0,58812.05690532178,0.0,0.0,1.0058220624923706,0.009092726744711399
461193695624775424,TESS,QLP,0.0,58812.09857182251,0.0,0.0,1.0028129816055298,0.009092726744711399
461193695624775424,TESS,QLP,0.0,58812.140238321386,0.0,0.0,1.0003548860549927,0.009092726744711399
461193695624775424,TESS,QLP,0.0,58812.16107156966,0.0,0.0,0.9997760653495789,0.009092726744711399
461193695624775424,TESS,QLP,0.0,58812.181904817466,0.0,0.0,0.9977968335151672,0.009092726744711399
461193695624775424,TESS,QLP,0.0,58812.20273806481,0.0,0.0,0.9941802620887756,0.009092726744711399
461193695624775424,TESS,QLP,0.0,58812.22357131168,0.0,0.0,0.9929933547973633,0.009092726744711399
461193695624775424,TESS,QLP,0.0,58812.24440455763,0.0,0.0,0.9923725128173828,0.009092726744711399
461193695624775424,TESS,QLP,0.0,58812.26523780357,0.0,0.0,0.9919071793556213,0.009092726744711399
461193695624775424,TESS,QLP,0.0,58812.286071048584,0.0,0.0,0.9933701753616333,0.009092726744711399
461193695624775424,TESS,QLP,0.0,58812.306904292665,0.0,0.0,0.9942160844802856,0.009092726744711399
461193695624775424,TESS,QLP,0.0,58812.32773753675,0.0,0.0,0.9977109432220459,0.009092726744711399
461193695624775424,TESS,QLP,0.0,58812.3485707799,0.0,0.0,0.9998893141746521,0.009092726744711399
461193695624775424,TESS,QLP,0.0,58812.36940402305,0.0,0.0,1.0002038478851318,0.009092726744711399
461193695624775424,TESS,QLP,0.0,58812.39023726527,0.0,0.0,1.0019307136535645,0.009092726744711399
461193695624775424,TESS,QLP,0.0,58812.411070506554,0.0,0.0,1.0033591985702515,0.009092726744711399
461193695624775424,TESS,QLP,0.0,58812.43190374784,0.0,0.0,1.0018471479415894,0.009092726744711399
461193695624775424,TESS,QLP,0.0,58812.4527369882,0.0,0.0,1.0040266513824463,0.009092726744711399
461193695624775424,TESS,QLP,0.0,58812.473570228554,0.0,0.0,1.0064494609832764,0.009092726744711399
461193695624775424,TESS,QLP,0.0,58812.49440346798,0.0,0.0,1.0071941614151,0.009092726744711399
461193695624775424,TESS,QLP,0.0,58812.51523670694,0.0,0.0,1.0068942308425903,0.009092726744711399
461193695624775424,TESS,QLP,0.0,58812.53606994497,0.0,0.0,1.0052682161331177,0.009092726744711399
461193695624775424,TESS,QLP,0.0,58812.556903182995,0.0,0.0,1.0032614469528198,0.009092726744711399
461193695624775424,TESS,QLP,0.0,58812.57773642056,0.0,0.0,1.0005860328674316,0.009092726744711399
461193695624775424,TESS,QLP,0.0,58812.59856965719,0.0,0.0,0.9950862526893616,0.009092726744711399
461193695624775424,TESS,QLP,0.0,58812.61940289335,0.0,0.0,0.9935185313224792,0.009092726744711399
461193695624775424,TESS,QLP,0.0,58812.64023612905,0.0,0.0,0.9933789372444153,0.009092726744711399
461193695624775424,TESS,QLP,0.0,58812.66106936429,0.0,0.0,0.9953240156173706,0.009092726744711399
461193695624775424,TESS,QLP,0.0,58812.681902599055,0.0,0.0,0.9985789060592651,0.009092726744711399
461193695624775424,TESS,QLP,0.0,58812.70273583336,0.0,0.0,1.0015321969985962,0.009092726744711399
461193695624775424,TESS,QLP,0.0,58812.72356906673,0.0,0.0,1.0024034976959229,0.009092726744711399
461193695624775424,TESS,QLP,0.0,58812.7444023001,0.0,0.0,1.0031503438949585,0.009092726744711399
461193695624775424,TESS,QLP,0.0,58812.76523553254,0.0,0.0,1.0031609535217285,0.009092726744711399
461193695624775424,TESS,QLP,0.0,58812.78606876498,0.0,0.0,1.0007538795471191,0.009092726744711399
461193695624775424,TESS,QLP,0.0,58812.80690199649,0.0,0.0,0.9993343949317932,0.009092726744711399
461193695624775424,TESS,QLP,0.0,58812.84856845811,0.0,0.0,0.996731698513031,0.009092726744711399
461193695624775424,TESS,QLP,0.0,58812.86940168869,0.0,0.0,0.996227502822876,0.009092726744711399
461193695624775424,TESS,QLP,0.0,58812.89023491833,0.0,0.0,0.9963701367378235,0.009092726744711399
461193695624775424,TESS,QLP,0.0,58812.911068147514,0.0,0.0,0.9979221820831299,0.009092726744711399
461193695624775424,TESS,QLP,0.0,58812.93190137623,0.0,0.0,0.9989895224571228,0.009092726744711399
461193695624775424,TESS,QLP,0.0,58812.95273460448,0.0,0.0,0.9999297261238098,0.009092726744711399
461193695624775424,TESS,QLP,0.0,58812.97356783226,0.0,0.0,1.001051902770996,0.009092726744711399
461193695624775424,TESS,QLP,0.0,58812.99440105958,0.0,0.0,0.9989684224128723,0.009092726744711399
461193695624775424,TESS,QLP,0.0,58813.01523428643,0.0,0.0,0.99718177318573,0.009092726744711399
461193695624775424,TESS,QLP,0.0,58813.03606751282,0.0,0.0,0.9982395768165588,0.009092726744711399
461193695624775424,TESS,QLP,0.0,58813.056900739204,0.0,0.0,0.9993177652359009,0.009092726744711399
461193695624775424,TESS,QLP,0.0,58813.07773396466,0.0,0.0,0.9996373057365417,0.009092726744711399
461193695624775424,TESS,QLP,0.0,58813.11940041464,0.0,0.0,1.0027292966842651,0.009092726744711399
461193695624775424,TESS,QLP,0.0,58813.1402336387,0.0,0.0,1.0061683654785156,0.009092726744711399
461193695624775424,TESS,QLP,0.0,58813.161066862755,0.0,0.0,1.008165955543518,0.009092726744711399
461193695624775424,TESS,QLP,0.0,58813.18190008635,0.0,0.0,1.0070375204086304,0.009092726744711399
461193695624775424,TESS,QLP,0.0,58813.20273330901,0.0,0.0,1.0042859315872192,0.009092726744711399
461193695624775424,TESS,QLP,0.0,58813.223566532135,0.0,0.0,1.0029213428497314,0.009092726744711399
461193695624775424,TESS,QLP,0.0,58813.24439975433,0.0,0.0,1.0004217624664307,0.009092726744711399
461193695624775424,TESS,QLP,0.0,58813.26523297606,0.0,0.0,0.9981948137283325,0.009092726744711399
461193695624775424,TESS,QLP,0.0,58813.28606619779,0.0,0.0,0.99553382396698,0.009092726744711399
461193695624775424,TESS,QLP,0.0,58813.306899419054,0.0,0.0,0.9945663213729858,0.009092726744711399
461193695624775424,TESS,QLP,0.0,58813.32773263985,0.0,0.0,0.993482768535614,0.009092726744711399
461193695624775424,TESS,QLP,0.0,58813.348565860186,0.0,0.0,0.9953371286392212,0.009092726744711399
461193695624775424,TESS,QLP,0.0,58813.36939908052,0.0,0.0,0.995947539806366,0.009092726744711399
461193695624775424,TESS,QLP,0.0,58813.390232300386,0.0,0.0,0.994760274887085,0.009092726744711399
461193695624775424,TESS,QLP,0.0,58813.41106551979,0.0,0.0,0.9964033961296082,0.009092726744711399
461193695624775424,TESS,QLP,0.0,58813.43189873919,0.0,0.0,0.997245728969574,0.009092726744711399
461193695624775424,TESS,QLP,0.0,58813.452731958125,0.0,0.0,0.9971458911895752,0.009092726744711399
461193695624775424,TESS,QLP,0.0,58813.473565176595,0.0,0.0,0.9988912343978882,0.009092726744711399
461193695624775424,TESS,QLP,0.0,58813.494398395065,0.0,0.0,1.0021543502807617,0.009092726744711399
461193695624775424,TESS,QLP,0.0,58813.515231613535,0.0,0.0,1.0049159526824951,0.009092726744711399
461193695624775424,TESS,QLP,0.0,58813.53606483154,0.0,0.0,1.008115530014038,0.009092726744711399
461193695624775424,TESS,QLP,0.0,58813.55689804908,0.0,0.0,1.007197618484497,0.009092726744711399
461193695624775424,TESS,QLP,0.0,58813.57773126662,0.0,0.0,1.0064821243286133,0.009092726744711399
461193695624775424,TESS,QLP,0.0,58813.59856448369,0.0,0.0,1.0053167343139648,0.009092726744711399
461193695624775424,TESS,QLP,0.0,58813.619397700764,0.0,0.0,1.0047411918640137,0.009092726744711399
461193695624775424,TESS,QLP,0.0,58813.661064134445,0.0,0.0,1.0000975131988525,0.009092726744711399
461193695624775424,TESS,QLP,0.0,58813.68189735105,0.0,0.0,1.000077247619629,0.009092726744711399
461193695624775424,TESS,QLP,0.0,58813.70273056766,0.0,0.0,0.9989657998085022,0.009092726744711399
461193695624775424,TESS,QLP,0.0,58813.72356378427,0.0,0.0,0.9980378746986389,0.009092726744711399
461193695624775424,TESS,QLP,0.0,58813.74439700041,0.0,0.0,0.9962992668151855,0.009092726744711399
461193695624775424,TESS,QLP,0.0,58813.76523021702,0.0,0.0,0.9937314987182617,0.009092726744711399
461193695624775424,TESS,QLP,0.0,58813.78606343316,0.0,0.0,0.9900383353233337,0.009092726744711399
461193695624775424,TESS,QLP,0.0,58813.8068966493,0.0,0.0,0.9879916310310364,0.009092726744711399
461193695624775424,TESS,QLP,0.0,58813.82772986591,0.0,0.0,0.9893585443496704,0.009092726744711399
461193695624775424,TESS,QLP,0.0,58813.84856308205,0.0,0.0,0.9936136603355408,0.009092726744711399
461193695624775424,TESS,QLP,0.0,58813.86939629866,0.0,0.0,0.9960289001464844,0.009092726744711399
461193695624775424,TESS,QLP,0.0,58813.8902295148,0.0,0.0,1.000993013381958,0.009092726744711399
461193695624775424,TESS,QLP,0.0,58813.91106273141,0.0,0.0,1.0016975402832031,0.009092726744711399
461193695624775424,TESS,QLP,0.0,58813.93189594848,0.0,0.0,1.0039269924163818,0.009092726744711399
461193695624775424,TESS,QLP,0.0,58813.952729165554,0.0,0.0,1.0062355995178223,0.009092726744711399
461193695624775424,TESS,QLP,0.0,58813.97356238263,0.0,0.0,1.0072542428970337,0.009092726744711399
461193695624775424,TESS,QLP,0.0,58813.994395600166,0.0,0.0,1.0094259977340698,0.009092726744711399
461193695624775424,TESS,QLP,0.0,58814.01522881817,0.0,0.0,1.0092663764953613,0.009092726744711399
461193695624775424,TESS,QLP,0.0,58814.036062036175,0.0,0.0,1.0075799226760864,0.009092726744711399
461193695624775424,TESS,QLP,0.0,58814.07772847405,0.0,0.0,1.0035549402236938,0.009092726744711399
461193695624775424,TESS,QLP,0.0,58814.09856169345,0.0,0.0,1.0004463195800781,0.009092726744711399
461193695624775424,TESS,QLP,0.0,58814.119394913316,0.0,0.0,0.9982255101203918,0.009092726744711399
461193695624775424,TESS,QLP,0.0,58814.140228134114,0.0,0.0,0.9956991076469421,0.009092726744711399
461193695624775424,TESS,QLP,0.0,58814.16106135538,0.0,0.0,0.9929418563842773,0.009092726744711399
461193695624775424,TESS,QLP,0.0,58814.181894577574,0.0,0.0,0.9921773076057434,0.009092726744711399
461193695624775424,TESS,QLP,0.0,58814.2027278007,0.0,0.0,0.9919115304946899,0.009092726744711399
461193695624775424,TESS,QLP,0.0,58814.22356102429,0.0,0.0,0.9956868886947632,0.009092726744711399
461193695624775424,TESS,QLP,0.0,58814.24439424928,0.0,0.0,0.9984131455421448,0.009092726744711399
461193695624775424,TESS,QLP,0.0,58814.26522747474,0.0,0.0,0.9985877275466919,0.009092726744711399
461193695624775424,TESS,QLP,0.0,58814.28606070159,0.0,0.0,1.000062346458435,0.009092726744711399
461193695624775424,TESS,QLP,0.0,58814.30689392984,0.0,0.0,1.0016210079193115,0.009092726744711399
461193695624775424,TESS,QLP,0.0,58814.32772715902,0.0,0.0,1.0028156042099,0.009092726744711399
461193695624775424,TESS,QLP,0.0,58814.34856039006,0.0,0.0,1.001976490020752,0.009092726744711399
461193695624775424,TESS,QLP,0.0,58814.3693936225,0.0,0.0,1.0002820491790771,0.009092726744711399
461193695624775424,TESS,QLP,0.0,58814.39022685634,0.0,0.0,1.0035020112991333,0.009092726744711399
461193695624775424,TESS,QLP,0.0,58814.41106009204,0.0,0.0,1.0012859106063843,0.009092726744711399
