allwise_oid,source_id,ra,dec,l,b,mg0,bprp0,w1mpro,w2mpro,w3mpro,w4mpro,halpha_w,halpha_werror,halpha_d,hbeta_w,hbeta_werror,hbeta_d,best_class_score,best_class_name,dist50,av50,teff50,logg50,met50,mass50,ag50,bp_rp_excess_corr,parallax,parallax_over_error,phot_g_mean_mag,phot_g_mean_flux,phot_g_mean_flux_error,log_g_err,bp_rp,pmra,pmra_error,pmdec,pmdec_error,grvs_mag,radial_velocity,radial_velocity_error,rv_nb_transits,main_type,other_types
594195128,187219239343050880,78.55005584189996,37.00419514046435,169.64293335449182,-1.0394265501290043,0.092139415,0.7725997,11.029,10.942,10.608,8.686,0.059722,0.434453,0.877014,-1.418167,0.414373,0.847858,0.0,Unclassified,3.0908136,1.7334775,5433.0464,2.3911088,-1.2740041,0.8027245,1.4109324,0.017491937,0.2794892325564301,13.442537,13.953436,49382.41683831511,70.63373,-2.4466202035777345,1.5069828,0.6472578929680777,0.022833949,-3.1149732632422147,0.01772089,NULL,NULL,NULL,NULL,,
693103615,428103652673049728,7.304978365713494,59.31592066010845,120.09562637417568,-3.433418761758839,0.3519658,0.50628215,12.491,12.429,12.02,9.536,1.290896,0.226659,0.970799,-0.316685,0.426474,0.679998,0.51772666,RS,3.379779,1.7761048,6916.768,3.424999,0.1964497,2.342968,1.4975272,0.017405987,0.21927234971512766,13.049197,14.493935,30017.38441561731,35.352757,-2.5310095657663365,1.2834558,-1.9238368892958775,0.015175069,-1.2863412788885527,0.015922945,NULL,NULL,NULL,NULL,Em*,*|Em*
685527970,460686648965862528,44.21889111135485,57.23317929025325,139.2974226288365,-1.5981175172226934,0.70230865,0.50639963,11.947,11.903,11.756,8.696,0.446973,1.113794,0.700493,-1.815172,1.962423,1.009184,0.0,Unclassified,2.337925,4.033817,6797.5093,3.479665,0.0050739613,2.0825508,3.1697292,0.011566162,0.3968885646199546,12.041304,15.71619,9738.020862901049,29.53987,-2.1201221392474503,2.1886082,0.1607063070233179,0.036560383,-0.7713681678439569,0.034389287,NULL,NULL,NULL,NULL,PulsV*delSct,dS*
691079857,461193695624775424,44.83380360849378,58.74492214178172,138.8791185952181,-0.10928292971653378,-3.978905,0.033337936,8.77,8.658,8.204,7.538,0.231809,0.196096,1.035003,-0.579481,0.245277,0.837713,0.7977685,BE|GCAS|SDOR|WR,3.2143195,2.7782812,9885.647,2.4831476,-1.1182139,4.872491,2.4152806,0.009578228,0.303935817713133,12.0735655,10.971821,769517.3751579071,735.2272,-2.6218568865670338,1.291048,0.6061559251652537,0.0220555,-0.9745111676573079,0.029175479,NULL,NULL,NULL,NULL,Star,*|NIR
696328871,473575777103322496,60.92241002054352,60.24676922305758,144.71216011807843,5.7793282493988,-0.98163694,0.7563655,10.386,10.328,9.854,8.651,0.158633,0.193539,0.803713,-0.71358,0.240931,0.828714,0.117849596,RS,3.8776112,0.8965192,5290.3438,2.4268305,-0.668743,2.0234935,0.7457103,0.016537309,0.22317577734504293,19.540783,12.706895,155664.24250367493,123.7149,-2.7018268715774543,1.1414661,0.16767766475677076,0.012655203,-0.039761007767935896,0.0117574455,11.730613,-43.838306,13.338123,28,,
698872712,508419369310190976,30.630019092955134,61.003546147533704,131.44069119047452,-0.688461846438213,-3.6793861,0.09557456,9.299,9.103,8.317,7.59,0.581991,0.203858,1.027509,-0.328082,0.222242,1.26742,0.0,Unclassified,4.364642,2.022628,7954.713,2.3166826,-0.5899574,4.521966,1.7323695,0.025905013,0.2702463070919633,11.275253,11.252727,594095.4652318559,854.3895,-2.4442603004422505,0.9948034,-0.7410163164494948,0.015691163,-0.4075778395402171,0.019204855,10.338555,-30.595268,1.1329478,63,Em*,*|Em*|NIR
707932503,512721444765993472,22.206462475342736,63.849444478580814,127.03771109452376,1.2761430598674526,-4.232504,-4.4218553E-4,9.752,9.625,9.167,8.318,0.434793,0.494842,0.952584,-0.279605,0.211428,0.732062,0.0,Unclassified,5.3801227,2.635469,10526.132,2.6566303,0.001444162,6.856411,2.328871,0.01512754,0.1431284262405728,11.15238,11.750328,375677.6461665846,493.41022,-2.4836672178176435,1.2095013,-1.0136319631000745,0.01041703,-0.41899671855614007,0.013067904,NULL,NULL,NULL,NULL,Star,*|NIR
707495039,526939882463713152,9.276349380015082,63.706991519334466,121.3453748059383,0.8794016347644286,-1.3364766,0.712546,11.081,11.048,10.899,8.625,0.274557,1.080252,1.480642,-0.308603,0.447952,0.796009,0.0,Unclassified,4.3641047,2.1429484,6526.3105,2.7468457,0.20875224,3.6731248,1.7701027,0.020677209,0.20105044940636269,15.368854,13.633102,66329.38207954573,194.0504,-2.1358513941492827,1.6351671,-2.2738870331133203,0.011788343,-0.4789064944157187,0.015300655,NULL,NULL,NULL,NULL,,
711270832,527155253604491392,8.191572106654464,64.96937110845059,120.95729407329783,2.16923262073978,-1.0580431,0.876829,9.448,9.413,9.055,8.314,0.70791,0.411616,0.96923,-0.821116,0.566437,1.113392,0.0,Unclassified,3.066732,2.3684213,4915.614,1.73354,-1.7886491,0.8579485,1.8664776,0.022314906,0.26660839861822333,20.769594,13.241814,95108.89389894617,144.04446,-2.421784568442827,1.8559284,-2.7448396639953554,0.0125896465,-0.13468696610387673,0.014288753,11.830923,-53.819748,12.687075,20,Em*,*|Em*
597057803,1870955515858422656,312.913670723033,37.57014136419038,79.46039111624111,-4.315889545197213,0.6679965,0.9321857,10.457,10.469,10.397,8.785,0.0,0.712892,,0.119318,0.682903,0.76055,0.0,Unclassified,2.1362848,2.3344586,4973.2837,2.4986312,-0.94639254,0.9001591,1.8443221,0.008060694,0.4361963917165857,28.164171,14.160615,40803.8211469289,92.62589,-2.2460284274418627,1.8991652,0.3393762688162447,0.015389582,-0.2947882486588655,0.016560644,12.772772,-43.481426,3.654817,20,,
669543072,2002117151282819840,341.3074719339286,53.20936405793276,104.59320985531551,-5.108690734655367,-2.5755446,0.0058103953,9.292,9.172,8.466,7.457,0.848664,0.094727,1.007645,-0.583738,0.345106,0.817241,0.4890755,ECL,2.4609778,0.44332018,8722.643,2.8340847,-0.20791475,4.112227,0.40637892,0.010171056,0.3967301856981455,23.519768,9.786373,2292964.722256098,3167.244,-2.461775849802627,0.21365452,-2.2113693448255223,0.01791964,-2.3321227931823127,0.016816739,NULL,NULL,NULL,NULL,Em*,*|Em*|NIR
679233042,2006088484204609408,333.72227434952464,55.60140990809453,102.03937080501564,-0.7873946108456764,-1.0653436,0.43416822,11.583,11.489,10.328,8.149,0.598615,0.5468,0.868588,-0.614152,0.537743,1.191138,0.7133173,ECL,4.9129195,2.2281172,6632.676,2.831732,-0.65781987,2.6136153,1.8403041,0.012514472,0.17512842300871198,9.407055,14.231659,38219.32485477223,52.41314,-2.4649028166170215,1.3939304,-3.3297472848095966,0.022518499,-2.638602788945011,0.021901377,NULL,NULL,NULL,NULL,,
685277860,2006912396372680960,339.26518319414134,57.16666693548131,105.47098632103749,-1.0778498310612756,-0.2760054,0.726723,10.874,10.843,10.458,9.099,0.965174,1.047326,1.013846,-0.555801,0.67362,0.809801,0.27831572,RS,2.4551196,1.3411367,6493.1514,3.1192896,0.40054756,2.5987556,1.1346642,0.010839701,0.3446653978645337,26.723063,12.809022,141689.57086220104,486.32657,-2.0664698854766357,1.3137026,-3.8590657423223305,0.013566603,-3.041584369123003,0.011899713,NULL,NULL,NULL,NULL,V*,*|MIR|NIR|Opt|V*
687757869,2007318661608788096,341.0511224274953,57.83251452762466,106.63266793112325,-0.9555500537724614,1.2892747,0.891016,12.018,12.064,11.197,9.314,0.160264,0.954641,0.899794,0.0,2.141146,,0.37056014,RS,3.240011,2.223208,5086.81,2.89288,-0.81811655,1.0696932,1.7673965,0.009998918,0.2730766586508575,9.47844,15.609404,10744.475285119108,40.999313,-2.0204686192284123,1.8163128,-3.8051706104586582,0.030642238,-3.319620191766238,0.031555496,NULL,NULL,NULL,NULL,V*,*|MIR|NIR|Opt|V*
688581451,2013187240507011456,343.6521972108014,58.056556055720286,107.96559583492567,-1.379521857487608,-1.3445457,0.18450929,11.354,11.231,10.434,8.825,0.871157,0.943654,1.183937,-0.710514,0.665974,0.721905,0.0,Unclassified,3.1534123,3.8991506,8661.145,3.2657657,0.30159056,3.121374,3.1976047,0.01275444,0.26695201070875896,16.296452,14.346963,34368.58176753023,75.834145,-2.2583568189517997,1.8709555,-3.0336301985030176,0.018022615,-2.4213623713123296,0.016195148,NULL,NULL,NULL,NULL,Em*,*|Em*
543293770,2027563492489195520,298.54043069026943,27.394583031147068,64.19203003820358,-0.2157656717632659,-2.7904522,0.50038874,11.085,10.83,9.817,8.415,0.094018,0.611945,1.412149,-1.026266,0.802109,0.787806,0.0,Unclassified,7.7149687,4.1536674,6696.55,2.258115,-0.8621198,3.3114214,3.2454798,0.03563249,0.13176549385465056,6.0611267,14.891698,20809.79210900059,36.80615,-2.354407349574492,2.2254257,-3.040618107867566,0.017461682,-5.493254718378009,0.021959318,NULL,NULL,NULL,NULL,V*,*|MIR|NIR|Opt|V*
566187169,2030965725082217088,300.0883552394068,31.629031589357545,68.50805255738986,0.8409204142121804,-1.8475618,0.21971661,10.244,10.084,9.374,8.143,0.298237,0.449591,0.972462,-0.7981,0.462757,0.783809,0.0,Unclassified,2.677207,3.5527744,8187.297,2.9817092,-0.11422969,3.5921526,2.9164352,0.03151107,0.24403352838611458,5.90129,13.207283,98182.41841642857,141.42226,-2.44357596370975,1.7545195,-2.943420234840916,0.03788567,-5.226844799757434,0.03900957,NULL,NULL,NULL,NULL,,
571148862,2054338249889402880,305.1282847047276,32.56791391443289,71.6269080766077,-2.2221571369807904,-2.5588055,0.15004069,10.077,9.887,9.008,8.123,0.364915,0.41163,0.881443,0.0,0.730134,,0.0,Unclassified,3.090889,5.1134405,8469.58,2.8500535,-0.09355751,4.155,4.0312195,0.013805985,0.2725473790146101,21.105944,13.922831,50794.23562063755,71.15863,-2.4556468401472293,2.3025818,-2.343427795934538,0.011411107,-4.608199903248153,0.014826647,12.352363,109.52652,6.705329,32,Em*,*|Em*
596715403,2060841448854265216,303.48742560161844,37.50233267073071,74.96350048937505,1.6537228372552648,-1.720625,0.4501697,10.603,10.533,10.185,8.839,0.649651,0.765816,1.231353,-0.931022,0.862791,0.873286,0.0,Unclassified,3.667609,4.465795,6853.3716,2.5945892,-1.0770519,2.4469435,3.4704008,3.8683414E-4,0.1843058716413851,10.192676,14.571691,27942.844251784903,79.46539,-2.1481525654884406,2.2998123,-3.039272893090574,0.020682227,-5.52410194459557,0.021197964,13.046744,-1.5129966,4.7980995,15,V*,*|MIR|NIR|Opt|V*
600740166,2061252975440642816,304.7922401904542,38.29854397308711,76.1993262322733,1.244228276369009,1.0536245,0.89812,12.272,12.333,10.986,8.54,1.428627,3.854454,0.807326,-14.284068,14.446461,0.804613,0.5765387,ECL,3.8689265,3.0066292,5145.44,2.7563798,-0.78300464,0.9611464,2.3400486,0.044213653,0.26017492217723165,6.78463,16.331625,5524.551367254863,19.543766,-2.0533487696631236,2.1329823,-0.9829962217074963,0.037091095,-3.8697830493876118,0.041749205,NULL,NULL,NULL,NULL,**,*|**|MIR|NIR|Opt|V*
617929783,2074693061975359232,302.9373926070931,41.782188483411645,78.31231847679025,4.358286540577358,0.33690342,0.51049507,11.184,11.038,9.433,7.534,0.966001,0.87499,1.002314,-0.5273,0.38777,0.837051,0.80858475,RS,2.241583,1.3566476,6360.1367,2.7525406,-1.882986,0.789,1.1434966,0.01638639,0.39298856310885627,36.714638,13.233174,95868.73785789654,172.85736,-2.3460491231414378,1.1022892,-3.009119296953325,0.011052934,-4.790039715639039,0.012946606,NULL,NULL,NULL,NULL,Em*,*|Em*
646946996,2083649030845658624,307.876481292216,47.9782094386131,85.42128222141763,4.979685419780954,1.427642,0.8347068,11.81,11.741,10.194,8.291,0.295265,1.457082,0.951487,0.0,1.991874,,0.0,Unclassified,2.5544355,2.7643614,5306.4004,2.8547215,-1.6925411,0.78813875,2.1754093,0.13562572,0.37955227635800276,13.802484,15.639525,10450.484458149413,14.638122,-2.4557110813163834,1.9792528,-1.4013216348692727,0.032777,-5.483532655156714,0.03175296,NULL,NULL,NULL,NULL,,
638576645,2163542397602876800,314.87589566535235,46.147251115798156,86.95708637309282,0.11043057006287715,-5.4583044,0.33153808,8.543,8.401,8.262,6.985,0.478589,0.475665,0.777148,0.0,1.145325,,0.0,Unclassified,6.492717,6.678359,7464.9736,1.746647,0.04806378,7.885214,4.949004,0.0036777258,0.07888069772587675,5.4588146,13.552832,71419.0768214289,65.22143,-2.6414839105273122,3.0259466,-2.191143629316634,0.015052199,-2.838415840512476,0.014911347,11.673057,-93.321556,9.031905,15,,
644927706,2164630463117114496,319.53854238831474,47.5317750610388,90.13729240741283,-1.2939353007183416,-0.9847841,0.7261422,10.579,10.579,10.181,8.059,0.239358,0.509922,0.799786,-0.756782,0.467635,0.736907,0.011004521,RS,3.0232508,2.4435594,6414.8774,2.8713944,0.4033675,3.1396074,1.9947844,0.011900425,0.27888923834424256,24.364649,13.412371,81282.7409598543,130.77393,-2.3955371702094226,1.769186,-2.450701559494058,0.01217185,-2.920578204627078,0.011945818,12.06624,107.81356,4.065003,27,Em*,*|Em*
637977519,2166378312964576256,312.60990459498606,46.01798322445887,85.8438887048976,1.2275236802366654,-0.9293452,1.0128992,9.99,9.842,9.453,8.687,0.887751,0.707961,1.008115,-1.102599,0.944765,0.743396,0.0,Unclassified,3.5238445,3.7193804,4961.213,1.8106573,-2.0662389,0.832294,2.8241425,0.033874273,0.24115420657073997,13.994624,14.629881,26484.65799973999,74.99517,-2.150021054329352,2.5154314,-2.8442530110623303,0.01900991,-3.632239805002223,0.019387463,12.939336,9.392772,4.3862333,20,Em*,*|Em*|MIR|NIR|Opt|V*
656762820,2169083008475385856,317.10129333994144,50.199197277025085,90.96679701235139,1.7052759850179389,-4.055127,0.49917015,8.439,8.284,8.213,6.428,0.337129,0.949567,0.840077,0.0,1.752957,,0.0,Unclassified,3.7973034,6.841786,6792.928,2.032243,-0.38413832,4.939,4.9832544,0.052098274,0.2271442389693026,6.0296693,13.825504,55557.81261083569,63.15623,-2.5463889206632655,3.2237434,-2.32159080499613,0.043467905,-2.7332160094058175,0.036979407,NULL,NULL,NULL,NULL,,
672796781,2173852964799716480,326.92697928295814,53.99977777080326,97.94927791885519,0.290009032523963,-3.6233218,0.101125255,10.491,10.442,10.465,9.175,0.282605,0.511958,0.894717,-0.453077,0.352765,0.70228,0.0,Unclassified,6.440701,3.9227734,8899.207,2.5577886,0.001444162,5.431481,3.229582,0.009191275,0.10429104486438812,7.817994,13.650927,65249.311395320925,81.79441,-2.503912304319459,1.8038692,-2.6762555664602212,0.014527819,-2.7403256234799644,0.0146936225,NULL,NULL,NULL,NULL,,
670366640,2175699216614191360,319.305295437044,53.40883958995339,94.23746568734144,2.920489198706874,-2.236343,0.31125954,10.633,10.497,10.055,9.197,1.723551,0.927788,0.904016,-2.129523,1.245592,0.73724,0.0,Unclassified,4.1686873,5.35948,7447.761,2.7334325,-0.06438311,3.9091423,4.112804,0.01416266,0.178755776419177,8.578215,14.976458,19247.030114051962,33.200752,-2.365275813098851,2.5195723,-2.253243499699037,0.023313377,-3.4209020205153253,0.023318158,NULL,NULL,NULL,NULL,Em*,*|Em*
692314620,2200433413577635840,336.76754215047015,59.09301638394482,105.31496163945226,1.2510846044709563,-3.3122177,0.042588316,9.321,9.205,8.768,8.275,0.402577,0.728551,0.958047,-0.418327,0.43237,0.740621,0.30763015,LPV,3.0966413,3.7025383,9235.744,2.7465978,-0.3651502,4.9307213,3.088647,0.018645763,0.29818035726509123,30.430944,12.230884,241319.924056927,595.8847,-2.2094909244826244,1.6664429,-3.518424322219564,0.010930351,-2.4358396992633264,0.009856422,NULL,NULL,NULL,NULL,LP*_Candidate,*|Em*|LP?|NIR
697743314,2206767944881247744,342.31411835164596,60.66464881555867,108.51074736913928,1.2604129058618931,-2.1078389,0.29772305,10.515,10.493,10.303,8.583,0.003555,0.339472,1.396638,0.117127,0.4205,0.648284,0.0,Unclassified,3.5028574,4.1008134,7729.8174,2.8634255,0.001444162,3.82779,3.2807505,0.013867617,0.26395120759801155,19.83776,13.895024,52111.93128885873,48.44675,-2.6337325128442823,2.0354881,-3.0314316395904575,0.014796059,-1.8012524559581657,0.013430123,NULL,NULL,NULL,NULL,,
278021303,2931553674771048704,110.44270011183,-17.840972741870583,232.20556584395797,-1.5988917894713426,-2.5452015,0.087657236,9.883,9.746,9.069,6.427,0.598454,0.204878,1.057106,-0.594033,0.25115,0.870967,0.0,Unclassified,3.4453146,1.2768747,8098.7666,2.7237606,-0.3321754,4.0338535,1.1235459,0.00813055,0.2851104692072043,13.983534,11.264488,587694.4852209822,509.95483,-2.663679893828478,0.6668625,-1.2603026715882284,0.018862648,1.5461681053699476,0.02181222,NULL,NULL,NULL,NULL,Star,*|NIR
274001029,2934216142176785920,107.05850976513027,-18.509258208303255,231.3097118692324,-4.758752485051761,-4.9149632,0.5896927,6.609,6.47,5.95,3.667,-0.226714,0.698601,0.862385,1.384169,1.08995,0.980949,0.5112403,LPV,3.1126146,2.519067,6308.9077,1.5825074,-0.4225366,6.294756,2.0465856,-0.009892464,0.3014267483460818,22.031082,9.597249,2729274.8350782767,13782.963,-1.8987646876460655,1.6608973,1.4006490506256049,0.01042925,0.9340205491421131,0.011699163,8.36495,102.977295,1.4839633,22,LPV*,*|LP*|NIR|V*|V*?
465892758,3355776901779440384,99.67497844146399,13.707075173197419,199.28580547296212,3.440789135283899,-5.049412,0.09841493,8.952,8.804,8.472,7.837,1.780287,0.557112,0.821924,0.0,0.665437,,0.64790076,BE|GCAS|SDOR|WR,6.792925,0.671562,8147.426,2.0141163,-0.6710683,6.2403708,0.60332984,0.0025196075,0.18802801925127668,7.619586,9.714202,2450564.5656900513,12114.818,-1.9080092197666632,0.40780735,0.22837774188318108,0.024826132,-0.6215477923875079,0.019295275,NULL,NULL,NULL,NULL,Star,*|NIR|UV
481919656,3369399099232812160,97.89888398428474,16.480649575335594,196.0296280270033,3.1851472366534015,-2.1137938,0.04270908,10.466,10.379,10.01,8.38,0.869104,0.212142,1.000341,-0.34866,0.28631,1.5595,0.0,Unclassified,3.310865,1.2924356,9028.281,3.0189598,-0.19776055,3.7395175,1.1593872,0.012500882,0.219820768430725,12.122019,11.6453,413834.6705187944,546.5115,-2.4812875789248316,0.6396208,-0.28754715400370173,0.019117163,-0.15961107740964559,0.015514946,11.009542,67.8144,6.850651,8,Star,*|NIR
552877257,3444168325163139840,86.05615686574819,29.153055810234562,179.65576776264302,-0.14679175802327873,-2.249467,0.37937012,8.568,8.429,8.054,7.373,0.299789,0.415676,1.073438,-0.558157,0.207104,0.774434,0.0,Unclassified,2.0142834,1.4864635,6581.3027,2.3538113,-0.7800744,3.0250478,1.2546139,0.012706041,0.4704277063398018,19.670713,10.52575,1160504.513362889,1550.3694,-2.4762716550795236,1.0291672,-0.3731268166334434,0.022401925,-1.3458300147264515,0.014997442,NULL,NULL,NULL,NULL,Em*,*|Em*|NIR|Opt
190485824,4054010697162430592,266.6884679938449,-32.63110372541088,356.9690577623953,-2.1282357534287306,-1.6820495,0.8522615,7.32,7.195,6.912,6.272,0.258526,0.642855,1.325128,-1.531233,1.141828,0.709887,0.102785535,RS,1.1307495,1.3596336,5558.019,2.2829206,-0.58645415,2.8306859,1.122896,0.006808877,0.8517695321075303,38.15339,9.707679,2465331.8147392934,7211.787,-2.1358924501089134,1.434413,-0.667980898391849,0.025864895,-0.8006256356948087,0.012023889,8.528393,23.158121,5.596175,6,Em*,*|Em*|NIR|SB*
238073104,4076568861833452160,280.5377341032112,-24.50179430688548,9.933348211302343,-8.992130872773425,-2.8262732,0.68993264,9.597,9.562,9.504,8.54,0.0,2.351645,,30.327995,26.043333,0.736189,0.0,Unclassified,5.5761824,1.1117656,5851.071,2.0468464,-0.39739195,3.7972622,0.93223494,0.011750817,0.13326132451198175,8.228441,11.8376465,346647.4830649893,2428.7456,-1.7565659972868386,1.1717834,-2.1129193844356653,0.0181521,-5.108591336130701,0.01379658,10.900811,43.3551,1.1368176,14,,
266372809,4094491141885400576,275.0982565196294,-19.779614640984313,11.867009715983109,-2.361761961660189,-4.15659,0.6660664,8.621,8.509,7.665,2.649,0.056924,0.881617,0.938801,-2.560898,1.592003,0.756312,0.77139425,LPV,5.8898287,4.743862,5871.511,1.6581322,-0.6595892,4.9878845,3.5792384,0.050108075,0.12314087306213699,5.78261,13.273162,92402.14182519595,221.73796,-2.2219019740905837,2.5854158,-3.8560038335961555,0.022385068,-5.1092668820478195,0.015935214,11.4488325,-13.034204,4.0836306,7,LP*_Candidate,*|IR|LP?|MIR|NIR
279338769,4096527235637366912,275.42380790326575,-17.622254487195278,13.917483085959187,-1.620162945647745,-2.2011595,0.17956561,8.844,8.79,8.389,7.311,0.206209,0.21741,1.158423,-0.686938,0.35523,0.808665,0.0,Unclassified,1.9701992,1.2441509,7753.7036,2.7992873,-0.25530082,3.6118543,1.0875281,0.008455992,0.6489774668227468,7.7603636,10.358919,1353253.3530047352,2049.4028,-2.4218117918398243,0.74036217,0.9581225538193038,0.09560153,-1.4731445030518604,0.0643253,NULL,NULL,NULL,NULL,Star,*|NIR
376652314,4260141158544875008,280.6910487139621,-1.3850086697232677,30.710027773085585,1.297484568097891,-0.92936206,0.9240472,10.213,10.287,9.45,7.572,2.286054,2.798621,0.792362,0.0,4.010076,,0.0,Unclassified,3.171894,5.5376215,5267.1455,2.4194512,-0.7615146,2.3602421,4.0351186,0.010450244,0.2775529322465723,7.226117,15.61235,10715.35287342646,17.387066,-2.3918401500215922,3.111597,-2.7926406708706475,0.040086728,-4.7066765888101765,0.033633236,13.308539,77.19752,6.897718,11,,
384635873,4263591911398361472,289.926537331884,-0.04988067576396802,36.12278931241399,-6.309145882948564,-2.1720989,0.09210821,7.745,7.638,6.956,5.916,1.200207,0.419084,0.961158,-0.526932,0.453088,0.676832,0.51208097,BE|GCAS|SDOR|WR,1.0314442,0.7530811,8283.322,2.8990884,-0.09355751,3.7788584,0.67679197,0.014012098,0.9353707822663586,50.873558,8.571921,7017431.743487465,13980.293,-2.302721891620151,0.43934536,-0.5915920654436521,0.019487662,-5.4260603632045274,0.015972482,NULL,NULL,NULL,NULL,Be*,*|Be*|Em*|NIR|UV
377787559,4271992661242707200,278.4116231878533,-1.1950726835029837,29.83573471794891,3.4108246058470084,-0.67427605,0.67464066,9.296,9.259,9.13,7.905,0.187819,1.538303,0.838477,-30.22373,166.602208,0.86645,0.0,Unclassified,1.2598096,8.280559,6249.5933,2.9358184,0.103086606,2.7493553,5.7671046,-0.0041282177,0.7907632816039104,14.926587,15.594354,10894.452820140543,33.794037,-2.1104253402772306,3.8858423,2.227875205999879,0.055204593,-3.4485991115952994,0.051877707,13.776049,39.558506,6.548301,13,LPV*,LP*
384414660,4272588356022299520,278.96874488794225,-0.08702980094188155,31.078088626744556,3.4223939027369883,-1.0834622,0.93052745,9.074,9.103,9.035,7.993,0.90896,1.598312,0.745601,0.0,16.814388,,0.0,Unclassified,1.9039518,7.262273,5347.5093,2.3803492,-0.6698812,2.3979223,5.0823636,-4.3928623E-4,0.3680418901213684,8.04529,15.3971815,13063.944487277882,18.105675,-2.460319603315133,3.7390423,0.03663603503011042,0.04688258,-2.8631968982854112,0.044284545,13.342202,12.6045685,4.4372916,11,,
409319848,4281886474885416064,282.06652210006786,4.090032964779728,36.21335394963052,2.5681683061658065,0.67980164,0.55415434,10.272,10.255,10.563,8.797,0.427726,1.559405,0.883882,0.0,4.908123,,0.0,Unclassified,1.0361313,6.2215514,6623.047,3.4075885,0.08741603,2.1306438,4.587788,-0.020285487,0.8556932286459851,22.428446,15.344664,13711.379548014651,59.174274,-1.9670082081388174,3.0471888,-1.6726077562055248,0.035772085,-1.948093280983067,0.03650311,NULL,NULL,NULL,NULL,LPV*,LP*
438126976,4299904519833646080,298.9081529143546,8.962258456614183,48.42646208186916,-9.904232352122788,-5.375654,0.22743085,8.722,8.652,8.231,7.583,0.054084,0.198016,0.992287,1.151841,0.334273,1.630863,0.0,Unclassified,7.3180904,0.7081267,8011.166,1.856559,-0.09147089,7.12558,0.633486,-0.0093688965,0.11045579796740572,7.721509,9.579821,2773438.331624998,3762.4392,-2.469609030254159,0.55245113,-2.3754226381526626,0.014761693,-7.697269337720858,0.011183001,9.120265,-14.370462,1.0329238,14,Star,*|NIR
472734265,4321276689423536384,292.2191033909667,14.886947081692792,50.413228728215124,-1.3026255555261557,-0.66102743,0.9318849,10.217,10.207,9.825,7.708,0.400746,0.827272,0.842899,-2.51499,2.672433,0.770459,0.30299804,LPV,2.926519,4.621475,5240.985,2.5051665,-0.5828584,2.2401555,3.4473872,1.8453598E-4,0.26391003282043324,10.661073,15.118116,16892.742816596157,26.710672,-2.4030753472249886,2.7822084,-2.6097019407934057,0.024168612,-3.8555299828541107,0.025083832,13.392625,-2.5549443,6.945895,10,LP*_Candidate,*|LP?|NIR
493481406,4515124540765147776,290.2013399473658,18.495511942784482,52.67603931974042,2.1086952333108826,-1.057789,0.9918219,9.541,9.69,9.466,8.357,0.412204,4.032805,1.113114,-10.785613,6.359731,0.752305,0.3313529,LPV,2.4963288,8.108187,5249.86,2.4383268,-0.4031276,2.8284082,5.5560894,0.16019368,0.2907546106633396,5.161048,16.48481,4797.587616217198,19.731487,-1.9879230676174984,4.0934725,-2.9719980402243484,0.048747994,-7.765161295521242,0.055801105,NULL,NULL,NULL,NULL,LP*_Candidate,*|C*?|LP?|NIR
504042294,4519475166529738112,286.937413191176,20.350116846344978,52.90552139349358,5.6949073373492345,-3.5591433,0.8958446,8.619,8.554,8.128,7.405,1.187708,5.117626,0.745882,-0.367963,2.589544,0.803699,0.89043194,LPV,4.917074,4.5085406,5477.737,1.7310578,-0.42681262,4.6176167,3.392402,-0.017458677,0.18805521455070884,14.749652,13.291793,90830.02365322028,610.5699,-1.774554047231372,2.7128906,2.9087208483564777,0.010497789,-5.291152552501428,0.013310578,11.566578,-19.697174,0.7443339,27,LP*_Candidate,*|LP?|NIR
91193623,5311969857556479616,138.7208240162568,-51.76242867780203,272.8051920908618,-2.0321302402296912,-0.48588404,0.94011074,10.695,10.589,10.172,9.165,1.435431,2.176956,0.741324,-2.799813,1.740947,0.903188,0.12114249,ECL,3.8761673,2.3685825,5027.278,2.0166695,-1.8954656,0.8372387,1.8720611,0.02950418,0.18794429786670083,12.012829,14.32819,34967.9970095571,231.74472,-1.7807208872725382,1.9218292,-3.7058086339870417,0.017140992,3.4904202432540252,0.01641607,NULL,NULL,NULL,NULL,,
85008386,5323384162646755712,134.6809500212211,-53.138837337046205,272.1686423612258,-4.779729505045613,0.9922588,0.6298677,12.938,12.962,10.965,8.725,0.753302,1.075489,0.820008,-1.310669,1.586276,0.906533,0.22839496,RS,3.7566395,2.6279278,6341.5225,3.3392847,-0.20630527,2.0011842,2.1297247,0.0032172203,0.16570487612800253,5.4718094,15.995981,7525.827976951226,21.673077,-2.142693696636909,1.7456932,-2.91081342034008,0.034524772,2.954110208532281,0.031883515,NULL,NULL,NULL,NULL,,
107866589,5326288831829996416,140.17412380868325,-48.19821851901409,270.9111319073403,1.128428294946075,0.63276815,0.8827147,11.474,11.371,10.788,8.481,0.917924,2.932923,1.033752,0.0,74.309611,,0.0,Unclassified,2.5952342,6.381076,5253.4272,2.9163334,-0.48827907,1.7923546,4.5510755,0.017360449,0.4131365268852992,6.764777,17.254726,2360.7831801300435,10.375546,-1.9591051223519118,3.3735857,-5.05492580507533,0.06495748,2.0070994012284444,0.06457444,NULL,NULL,NULL,NULL,,
106036429,5328449200388495616,133.03372970520596,-48.57870582032871,268.0036154748461,-2.6349920946377217,0.9159199,0.8267234,12.293,12.336,11.84,8.88,0.0,1.30887,,1.425456,0.94547,0.862169,0.665883,RS,4.152778,2.7809768,5294.035,2.6839442,-2.1122212,0.83631027,2.1867468,0.011669993,0.22315583116442264,5.814757,16.19436,6269.057284964414,14.924393,-2.22536556169741,1.9774733,-3.758766080138813,0.04022003,4.671561012181083,0.04142785,NULL,NULL,NULL,NULL,,
53867008,5338183383022960512,163.8516371806719,-60.89017251092488,289.2838830746961,-1.1308624548676534,-1.4334604,0.17677988,12.354,12.295,10.103,7.399,0.815029,0.626284,0.976332,-0.690145,0.496528,0.945663,0.0,Unclassified,5.858293,2.531255,8263.84,3.1416628,0.25444064,3.2954624,2.1477127,0.01888585,0.1389908268887858,7.0474973,14.553108,28425.195261225763,59.4338,-2.281729940226518,1.2960958,-5.4672113269051,0.020777492,2.1233324548692867,0.0202683,NULL,NULL,NULL,NULL,,
63522826,5350869719969619840,162.50433001655531,-58.29916180880919,287.52989551268763,0.8943257710204513,-3.2898583,0.024961486,8.888,8.855,8.57,7.659,0.72326,0.398649,0.954269,-0.518156,0.501275,0.725888,0.0,Unclassified,2.4566755,2.1321306,9583.485,2.8228512,0.218503,5.205256,1.8817211,0.012488484,0.3821193872465687,31.816153,10.543602,1141578.8967009324,2262.584,-2.3049612144525433,0.99986553,-6.6822743670670715,0.01175351,2.639829488854148,0.011624909,9.620643,-14.893543,1.9602182,9,Em*,*|Em*|NIR
130845176,5524022735225482624,130.8648627871835,-43.583727568034234,263.1706544993057,-0.6674981488611873,-2.0113564,0.38713685,9.564,9.475,9.042,5.922,0.127194,0.676817,0.83203,-0.471561,0.675293,0.760304,0.33159974,ECL,2.5944993,4.7005167,6964.1504,2.5340514,-0.96821433,2.7065687,3.6373367,0.0014696121,0.33640180453969193,26.42627,13.696248,62581.71484518534,232.97389,-2.0312001782949363,2.3297958,-3.231477294484747,0.013310869,2.4046783170681723,0.014629956,NULL,NULL,NULL,NULL,,
180520637,5593826360487373696,117.09764238576608,-34.384837641804026,249.582942873802,-4.408678355853204,-5.059007,0.2575815,7.773,7.609,7.248,6.458,0.889251,0.600113,0.928432,-2.158714,0.952011,0.874583,0.0,Unclassified,4.243965,5.087813,7383.8794,1.8430504,-0.09136594,7.062677,3.9288049,0.031043291,0.20833278217865342,11.409379,12.0086565,296131.10136876145,1235.5515,-1.9816831389276188,2.3615923,-2.1189521412819,0.017056134,3.667902695103998,0.020510163,10.329039,89.33911,11.007165,19,V*,*|MIR|NIR|Opt|V*
206821337,5599309216965305728,114.94332536724544,-29.808629545683626,244.69161241412147,-3.727422510719015,-2.6112893,0.0062272283,9.721,9.632,9.123,8.576,0.126129,0.163258,1.406839,-0.464948,0.2745,1.050479,0.0,Unclassified,3.2291942,0.52519476,8429.3955,2.7564614,-0.59072524,3.9462607,0.47707585,0.010655522,0.29997907495185067,19.613379,10.411258,1289566.1572344888,1705.5444,-2.4806405553306026,0.2504835,-2.0830846345600946,0.013879052,3.656312021609523,0.016556356,10.090017,64.628456,0.4462445,19,Star,*|NIR
232009868,5617186348318629248,107.90701042314745,-25.523668432454166,237.95898558762948,-7.227813908147809,1.0231512,0.8746516,11.524,11.53,10.794,7.684,0.784803,0.379181,0.867484,0.0,0.557926,,0.3646658,RS,2.8447697,0.92537826,5255.33,2.666,-1.7770603,0.78724873,0.7683117,0.009786487,0.3216945443255159,22.106298,14.061699,44695.83694393505,57.27622,-2.494352711432721,1.2715645,-0.37295554098309724,0.010896099,0.8539947228804756,0.0133310035,12.996798,99.312355,4.761083,30,,
51284865,5866345647515558400,209.6089485002367,-61.61737599328467,310.8058056430726,0.2258820367530693,-1.1997657,0.8312056,9.605,9.601,8.376,6.497,0.319965,0.945446,0.83502,0.0,1.394016,,0.0,Unclassified,2.5005927,5.7289376,5542.034,2.406323,-0.7682893,2.3190145,4.1801314,0.0064655542,0.2795440750238077,11.373614,14.970581,19351.48381124825,42.492725,-2.2604596836041617,3.0997477,-7.446293944384416,0.016753474,-2.415013163464156,0.021069657,13.110471,16.038137,4.1922393,36,,
53834216,5866474526572151936,211.28216975570965,-60.89928966582545,311.77384793443696,0.7011094761806874,-2.348358,0.060664948,10.026,9.985,9.814,6.841,0.29451,0.280589,0.98559,-0.570763,0.203224,0.768171,0.1506544,RS,2.7100885,3.005738,9515.091,3.1040792,-0.09355751,3.8308167,2.5761106,0.013690591,0.3777268653512785,33.94041,12.39267,207911.69615396467,176.9244,-2.6721512066968027,1.4057245,-5.018919501708527,0.0075622657,-2.6545387786266437,0.009374767,NULL,NULL,NULL,NULL,,
50258491,5868425648663616768,201.66014841558825,-61.91159952440202,307.06316049003874,0.6774537384139206,-1.4783131,0.89769477,10.06,10.106,9.509,8.321,0.33009,1.038296,1.067967,-5.627233,8.150154,0.697698,0.0,Unclassified,3.7057269,5.9672318,5392.7812,2.3022337,-0.48807338,2.8350854,4.3132567,0.0028252602,0.20205345130265623,6.146822,15.679311,10074.476275727106,17.17197,-2.3704623587376954,3.2460918,-7.557798311850739,0.023944832,-0.08329732451708374,0.030531412,13.660772,-23.467184,15.944907,24,,
65069253,5880159842877908352,228.14787838743445,-57.90136342245248,320.8088395336981,-0.01467473642716609,-3.4540615,0.037367124,9.043,8.876,8.912,7.538,0.597805,0.650981,0.753918,-3.407331,1.643147,0.788471,0.0,Unclassified,2.9479764,6.928572,8523.552,2.4207668,-0.98258656,3.9089584,5.201806,0.007605195,0.27193644557684615,13.582464,14.095365,43331.20329188548,55.436596,-2.495064180176943,2.8667068,-5.837138708355974,0.018669795,-4.030823826821529,0.021225326,12.349638,-16.085007,4.09855,24,,
70558409,5882737819707242240,235.76968046978857,-56.52899888437403,324.99216788907916,-1.195428850840929,-1.3382175,0.626455,9.292,9.307,8.852,7.659,0.144914,0.145241,0.757444,-0.67775,0.169277,0.769889,0.0,Unclassified,2.0671146,1.5810238,6318.6914,2.7361145,0.2485224,3.2980385,1.3220336,0.014040232,0.4553274527993148,25.225857,11.560638,447395.3503717227,487.40726,-2.564859450148578,1.3121576,-2.586881465497378,0.020019386,-3.103303490172166,0.018300578,NULL,NULL,NULL,NULL,Star,*|NIR
115654736,5962956195185292288,257.2449530310301,-46.597041284491794,341.3202584942891,-3.83684438314472,-4.8245215,0.7888852,7.704,7.574,7.076,6.462,1.136615,5.449979,0.805087,-5.777928,4.563821,0.768237,0.6051121,LPV,3.9890008,7.686237,6370.97,1.6404858,-0.4892568,6.164876,5.4392858,0.007654071,0.19401735744737963,5.7397413,13.619085,67191.21432849667,570.9632,-1.6727643760664812,3.7958002,-6.396431915670871,0.041620966,2.288133281017542,0.031971693,11.46696,-218.60368,1.0422776,22,LPV*,*|C*?|LP*|NIR
136638496,5965503866703572480,256.8225154129634,-42.46362131904985,344.4583250524564,-1.1260248627703358,-2.660227,0.04966869,10.401,10.422,10.601,6.447,-0.651463,0.333865,0.836265,0.11881,0.522298,0.632325,0.0,Unclassified,3.0901291,5.285342,11138.006,3.1019964,-0.3202376,4.5127926,4.3430476,0.009589076,0.286567012897224,14.30944,14.132704,41866.36732478241,50.19836,-2.523235731601501,2.357298,-1.9834014515976834,0.030093126,-3.433673602555351,0.0196734,NULL,NULL,NULL,NULL,,
141794785,5966574133883852416,254.5208661906465,-41.47606950450104,344.19459806101133,0.8319667034227248,0.36568114,0.5203747,12.157,12.377,9.733,7.608,0.376254,4.112733,0.833052,5.206773,2.240501,0.854671,0.0,Unclassified,2.4964778,6.2680373,6949.9253,3.4334068,0.49531904,2.3598926,4.6473174,-0.0020581484,0.4251067227506599,5.115349,16.999638,2986.0146627200966,17.159737,-1.842641309274116,3.0440292,0.03725550883986117,0.08929987,-2.027097069062207,0.07387474,NULL,NULL,NULL,NULL,,
260673902,6052463412400724992,248.78060009435228,-20.725943764017888,357.3648034333395,17.760878036868565,1.2872627,0.8889686,13.112,13.139,12.268,8.747,5.163021,6.465915,0.732037,1.408646,1.250633,0.674777,0.0,Unclassified,5.1577506,2.0608814,5236.9775,2.8281972,-1.2603954,0.85417163,1.6526654,0.0066734552,0.37220741689753206,5.494619,16.50223,4721.223857649515,13.774984,-2.137023457947167,1.7524242,1.0033993501421339,0.08774419,1.6259627531565948,0.060528245,NULL,NULL,NULL,NULL,,
48333728,6053890788968694656,189.27230048331643,-62.46975649279585,301.2746854880698,0.35581380630421555,-2.4961483,0.33639765,10.021,9.975,9.611,8.01,0.188066,0.411235,0.884948,-1.485955,0.665532,0.78421,0.0,Unclassified,3.5587182,4.8986645,7484.639,2.6856709,0.4033675,4.2281566,3.810737,0.015239835,0.23661070871110693,13.526722,14.071056,44312.294898198896,54.381542,-2.5131327080313093,2.372589,-6.795145770549172,0.016739417,-0.286269371187208,0.019324463,NULL,NULL,NULL,NULL,,
186881495,6123873398383875456,212.0047472822256,-33.261992503840816,320.84621850228115,26.93177861219047,0.77609617,0.54762036,10.392,10.417,10.322,9.092,-0.455042,0.453783,0.915574,0.216345,0.403721,0.934175,0.0,Unclassified,1.315659,0.21365842,6530.4136,3.4881136,0.1902478,2.152888,0.1875126,0.0035706758,0.724984970763107,6.5531316,11.559325,447936.881347515,1074.0088,-2.222268977940019,0.64362717,-20.081406580933965,0.11862537,-10.156104664803747,0.13394433,10.988627,13.333953,3.6445198,10,Star,*|NIR
230437026,6228685649971375616,223.1953970859342,-25.789888765512465,334.45063397360286,29.55343719987476,0.5450019,0.6466375,13.624,13.658,12.366,8.676,0.432348,1.60201,0.764999,-0.643098,1.113899,1.477505,0.0,Unclassified,7.0938845,0.40425152,6092.923,2.7457323,-1.4865819,0.73,0.34873012,0.0114148855,0.18267730849516503,5.061145,15.148152,16431.83106603226,69.46803,-1.9759609708443038,0.82562256,-0.6205368941277603,0.03609106,-7.6073267635178965,0.03348879,NULL,NULL,NULL,NULL,EB*,*|EB*|MIR|NIR|Opt|V*
